/*
 Navicat Premium Dump SQL

 Source Server         : ecdb2
 Source Server Type    : MySQL
 Source Server Version : 100432 (10.4.32-MariaDB)
 Source Host           : localhost:3306
 Source Schema         : onlinenewspaperdb

 Target Server Type    : MySQL
 Target Server Version : 100432 (10.4.32-MariaDB)
 File Encoding         : 65001

 Date: 20/12/2024 16:43:30
*/

SET NAMES utf8mb4;
SET FOREIGN_KEY_CHECKS = 0;

-- ----------------------------
-- Table structure for account
-- ----------------------------
DROP TABLE IF EXISTS `account`;
CREATE TABLE `account`  (
  `Id` int NOT NULL AUTO_INCREMENT,
  `Password` varchar(255) CHARACTER SET utf8mb4 COLLATE utf8mb4_general_ci NOT NULL,
  `Email` varchar(255) CHARACTER SET utf8mb4 COLLATE utf8mb4_general_ci NOT NULL,
  `Dob` date NULL DEFAULT NULL,
  `Name` varchar(255) CHARACTER SET utf8mb4 COLLATE utf8mb4_general_ci NULL DEFAULT NULL,
  `PenName` varchar(255) CHARACTER SET utf8mb4 COLLATE utf8mb4_general_ci NULL DEFAULT NULL,
  `Role` int NOT NULL,
  `SubcribeExpireDate` date NULL DEFAULT NULL,
  `EditorId` int NULL DEFAULT NULL,
  `OTP` varchar(6) CHARACTER SET utf8mb4 COLLATE utf8mb4_general_ci NULL DEFAULT NULL,
  `OTP_CreatedAt` datetime NULL DEFAULT NULL,
  PRIMARY KEY (`Id`) USING BTREE
) ENGINE = InnoDB AUTO_INCREMENT = 31 CHARACTER SET = utf8mb4 COLLATE = utf8mb4_general_ci ROW_FORMAT = DYNAMIC;

-- ----------------------------
-- Records of account
-- ----------------------------
INSERT INTO `account` VALUES (1, '$2a$12$9Bc6yZXWr/BYXgkgKJe6yOeTYzVT1p3f92ZiUJ7vPTMSP2zDiWMvq', 'john.doe@example.com', '1990-05-15', 'John Doe', 'JDWriter', 1, '2024-12-31', NULL, NULL, NULL);
INSERT INTO `account` VALUES (2, 'authorpass111', 'alice.brown@example.com', '1995-02-20', 'Alice Brown', 'AliceB', 1, '2025-06-30', NULL, NULL, NULL);
INSERT INTO `account` VALUES (3, '$2a$10$jRap3fRSaOyx.i0eBCHwaudRCVGydfJeEiy1wOJxFf5cP2ztTR.Ja', 'guest@example.com', '2000-10-01', 'Guest User', NULL, 1, NULL, NULL, NULL, NULL);
INSERT INTO `account` VALUES (4, '$2a$08$r9FSZX.ad7K7V8IVCCeaoOTX69G3jIET3aStkQy3M8hT22VJOh7HO', 'bob.writer@example.com', '1998-09-12', 'Bob Writer', 'BWriter', 1, '2024-09-15', 2, NULL, NULL);
INSERT INTO `account` VALUES (5, 'subscribed444', 'susan.subscriber@example.com', '1993-01-30', 'Susan Subscriber', NULL, 1, '2025-01-01', NULL, NULL, NULL);
INSERT INTO `account` VALUES (6, 'securepass456', 'jane.smith@example.com', '1985-11-22', 'Jane Smith', 'JaneS', 2, NULL, 1, NULL, NULL);
INSERT INTO `account` VALUES (7, 'adminpass789', 'admin@example.com', '1980-03-10', 'Admin User', '', 3, NULL, NULL, NULL, NULL);
INSERT INTO `account` VALUES (8, 'editorpass999', 'editor@example.com', '2005-04-20', 'Editor User', NULL, 4, NULL, 3, NULL, NULL);
INSERT INTO `account` VALUES (15, '$2a$08$amIzqJxTXv6iecXOI3dFyOHnGv8bxGee.YmYyAZyMwYMqWenEymg.', '123123', '0000-00-00', '123123', NULL, 1, NULL, NULL, NULL, NULL);
INSERT INTO `account` VALUES (17, '$2a$08$Pk9Oa7ccgA3wID.pcQJgqextPhUymi4R.gvfruwQqUSjt6dwdMmJ.', 'guest2@gmail.com', '2000-05-15', 'Hello 2', 'Pen Name 22222', 1, NULL, NULL, NULL, NULL);
INSERT INTO `account` VALUES (18, '$2a$08$z8UIKOFpQqluXvk8cJhBuuroNZ8XcqrCk1hnUnLMYHB7kZ8LrJN.y', 'shadowlightpiro254@gmail.com', '1899-11-30', 'Shadow Light Piro', NULL, 1, '2024-12-24', NULL, NULL, NULL);
INSERT INTO `account` VALUES (19, '$2a$08$pks80kAfPEpJVH15iBXB3eFgeRBi/R4q.MtWVucAspcPzssoKipDq', 'trantrungtin254@gmail.com', '1899-11-30', 'Trung Tin', NULL, 1, '2024-12-24', NULL, NULL, NULL);
INSERT INTO `account` VALUES (20, '$2a$10$1ob/15JyxHs8ehPkRogrquolsUdWTdxvckWNzTmQL8Bl1phO/j8R6', 'tintran@gmail.com', '2004-05-14', 'Trần Trung Tín', '123', 3, NULL, NULL, NULL, NULL);
INSERT INTO `account` VALUES (21, '$2a$08$vptRHHI80YFkY2JP.US7HeE2AUyPyq.HnCpD/Xs7U28Npbd.N7jiS', '22110028@student.hcmute.edu.vn', '0000-00-00', 'Nguyễn Mai Huy Hoàng', NULL, 1, NULL, NULL, NULL, NULL);
INSERT INTO `account` VALUES (22, '$2a$08$rPdTuhsbPzecmlzkW.gBtemGVx5mNq7oJF2Zr7um1nD.7hR5sbCu2', 'admin', '2004-05-20', 'Hoàng Admin', NULL, 4, NULL, NULL, NULL, NULL);
INSERT INTO `account` VALUES (23, '$2a$10$jRap3fRSaOyx.i0eBCHwaudRCVGydfJeEiy1wOJxFf5cP2ztTR.Ja', 'tintran', '2003-06-12', 'tin tran trung', 'TinTran', 2, NULL, NULL, NULL, NULL);
INSERT INTO `account` VALUES (24, '$2a$08$jUBqhcH6aRng1pOUo7YJ2OEzmqRJw0lM7s0zxQvriNfw7nJSGiPku', 'tuanvu@gmail.com', '0000-00-00', 'Nguyễn Tuấn Vũ', NULL, 1, '2025-12-24', NULL, NULL, NULL);
INSERT INTO `account` VALUES (25, '$2a$08$2c6MyrSDYbfFEjz.umE6du6aYSqAg.erGJlyB6Gf1UL8xszuYytpG', 'nguyenmaihuyhoang156@gmail.com', NULL, 'NMHH', 'NMHH', 1, NULL, NULL, NULL, NULL);
INSERT INTO `account` VALUES (26, '$2a$08$RI/IXhQBqjwnKzi52i4Xsuw0cew4b9ybWkaBmNk2iBhkvMRjvRp1K', 'admin@gmail.com', '0000-00-00', 'admin', NULL, 4, '2099-01-01', NULL, NULL, NULL);
INSERT INTO `account` VALUES (27, '$2a$08$RI/IXhQBqjwnKzi52i4Xsuw0cew4b9ybWkaBmNk2iBhkvMRjvRp1K', 'reporter@gmail.com', '2018-06-08', 'reporter Hoàng', '', 2, NULL, NULL, NULL, NULL);
INSERT INTO `account` VALUES (28, '$2a$08$2xURyS00qnegRyIgNNBZAuf4Hjfhs6dL8fww5URuK.M5JVtdHRl7i', 'subscriber@gmail.com', '2021-01-05', 'subscriber Hoàng', '', 1, '2026-12-24', NULL, NULL, NULL);
INSERT INTO `account` VALUES (29, '$2a$10$U5ukhQP.5EHSw.DGcLiYiOWM4jDEDPpfpj92Ra.X/Sxta/YmsrypW', 'editor@gmail.com', '2018-02-05', 'Editor Hoàng', 'Editor hoang', 3, NULL, NULL, NULL, NULL);
INSERT INTO `account` VALUES (30, '$2a$10$rH723ErZ5JsOcBj4/PyFGeMXspivPayfwQ22jzLbXXQQAofoyZupu', 'reporter2@gmail.com', '2020-02-03', 'Reporter An', 'AnReporter', 2, '2099-01-01', NULL, NULL, NULL);

-- ----------------------------
-- Table structure for category
-- ----------------------------
DROP TABLE IF EXISTS `category`;
CREATE TABLE `category`  (
  `CatID` int NOT NULL AUTO_INCREMENT,
  `CatName` varchar(255) CHARACTER SET utf8mb4 COLLATE utf8mb4_general_ci NOT NULL,
  `CatParentID` int NULL DEFAULT NULL,
  PRIMARY KEY (`CatID`) USING BTREE
) ENGINE = InnoDB AUTO_INCREMENT = 45 CHARACTER SET = utf8mb4 COLLATE = utf8mb4_general_ci ROW_FORMAT = DYNAMIC;

-- ----------------------------
-- Records of category
-- ----------------------------
INSERT INTO `category` VALUES (1, 'International', NULL);
INSERT INTO `category` VALUES (2, 'Sports', NULL);
INSERT INTO `category` VALUES (3, 'Health', NULL);
INSERT INTO `category` VALUES (4, 'Entertainment', NULL);
INSERT INTO `category` VALUES (5, 'Technology', NULL);
INSERT INTO `category` VALUES (6, 'Education', NULL);
INSERT INTO `category` VALUES (7, 'Law', NULL);
INSERT INTO `category` VALUES (8, 'Lifestyle', NULL);
INSERT INTO `category` VALUES (9, 'Travel', NULL);
INSERT INTO `category` VALUES (10, 'Americas', 1);
INSERT INTO `category` VALUES (11, 'Asia', 1);
INSERT INTO `category` VALUES (12, 'Africa', 1);
INSERT INTO `category` VALUES (13, 'Europe', 1);
INSERT INTO `category` VALUES (14, 'Australia', 1);
INSERT INTO `category` VALUES (15, 'Football', 2);
INSERT INTO `category` VALUES (16, 'Badminton', 2);
INSERT INTO `category` VALUES (17, 'Athletics', 2);
INSERT INTO `category` VALUES (18, 'Cycling', 2);
INSERT INTO `category` VALUES (19, 'Tennis', 2);
INSERT INTO `category` VALUES (20, 'Food', 3);
INSERT INTO `category` VALUES (21, 'Fitness', 3);
INSERT INTO `category` VALUES (22, 'Sleep', 3);
INSERT INTO `category` VALUES (23, 'Mindfulness', 3);
INSERT INTO `category` VALUES (24, 'Relationship', 3);
INSERT INTO `category` VALUES (25, 'Movies', 4);
INSERT INTO `category` VALUES (26, 'Television', 4);
INSERT INTO `category` VALUES (27, 'Celebrity', 4);
INSERT INTO `category` VALUES (28, 'Innovate', 5);
INSERT INTO `category` VALUES (29, 'Innovative cities', 5);
INSERT INTO `category` VALUES (30, 'Work Transformed', 5);
INSERT INTO `category` VALUES (31, 'Mission: Ahead', 5);
INSERT INTO `category` VALUES (32, 'Admission', 6);
INSERT INTO `category` VALUES (33, 'Study Abroad', 6);
INSERT INTO `category` VALUES (34, 'English', 6);
INSERT INTO `category` VALUES (35, 'Case Files', 7);
INSERT INTO `category` VALUES (36, 'Consulting', 7);
INSERT INTO `category` VALUES (37, 'Home', 8);
INSERT INTO `category` VALUES (38, 'Life Lessons', 8);
INSERT INTO `category` VALUES (39, 'Cooking', 8);
INSERT INTO `category` VALUES (40, 'Destination', 9);
INSERT INTO `category` VALUES (41, 'Cuisine', 9);
INSERT INTO `category` VALUES (42, 'Footprints', 9);
INSERT INTO `category` VALUES (43, 'Travel Consulting', 9);
INSERT INTO `category` VALUES (44, 'Culture', NULL);

-- ----------------------------
-- Table structure for comment
-- ----------------------------
DROP TABLE IF EXISTS `comment`;
CREATE TABLE `comment`  (
  `Id` int NOT NULL AUTO_INCREMENT,
  `Date` datetime NULL DEFAULT current_timestamp,
  `Content` text CHARACTER SET utf8mb4 COLLATE utf8mb4_general_ci NOT NULL,
  `NewsID` int NOT NULL,
  `AccountID` int NULL DEFAULT NULL,
  PRIMARY KEY (`Id`) USING BTREE,
  INDEX `NewsID`(`NewsID` ASC) USING BTREE,
  CONSTRAINT `comment_ibfk_1` FOREIGN KEY (`NewsID`) REFERENCES `news` (`NewsID`) ON DELETE RESTRICT ON UPDATE RESTRICT
) ENGINE = InnoDB AUTO_INCREMENT = 9 CHARACTER SET = utf8mb4 COLLATE = utf8mb4_general_ci ROW_FORMAT = DYNAMIC;

-- ----------------------------
-- Records of comment
-- ----------------------------
INSERT INTO `comment` VALUES (1, '2024-12-19 00:00:00', '123', 4, 21);
INSERT INTO `comment` VALUES (2, '2024-12-19 00:00:00', 'hello everyone', 4, 21);
INSERT INTO `comment` VALUES (3, '2024-12-19 07:22:18', 'Hello again', 4, 21);
INSERT INTO `comment` VALUES (4, '2024-12-19 07:29:37', 'Tối 18-12, tại sân 4A Nhà văn hóa Thanh niên đã diễn ra vòng thi bảng B Liên hoan ban nhạc nhóm ca TP.HCM lần thứ 6 chủ đề Hòa nhịp đam mê. Ca sĩ Đoan Trang ngồi...Tối 18-12, tại sân 4A Nhà văn hóa Thanh niên đã diễn ra vòng thi bảng B Liên hoan ban nhạc nhóm ca TP.HCM lần thứ 6 chủ đề Hòa nhịp đam mê. Ca sĩ Đoan Trang ngồi...Tối 18-12, tại sân 4A Nhà văn hóa Thanh niên đã diễn ra vòng thi bảng B Liên hoan ban nhạc nhóm ca TP.HCM lần thứ 6 chủ đề Hòa nhịp đam mê. Ca sĩ Đoan Trang ngồi...', 4, 21);
INSERT INTO `comment` VALUES (5, '2024-12-19 07:34:48', 'Lorem', 12, 21);
INSERT INTO `comment` VALUES (6, '2024-12-19 09:39:49', 'Hello', 10, 23);
INSERT INTO `comment` VALUES (7, '2024-12-19 09:43:40', 'Good articles', 1, 23);
INSERT INTO `comment` VALUES (8, '2024-12-20 09:19:04', 'Hello', 16, 4);

-- ----------------------------
-- Table structure for editorcategory
-- ----------------------------
DROP TABLE IF EXISTS `editorcategory`;
CREATE TABLE `editorcategory`  (
  `AccountID` int NOT NULL,
  `CatID` int NOT NULL,
  PRIMARY KEY (`AccountID`, `CatID`) USING BTREE
) ENGINE = InnoDB CHARACTER SET = utf8mb4 COLLATE = utf8mb4_general_ci ROW_FORMAT = DYNAMIC;

-- ----------------------------
-- Records of editorcategory
-- ----------------------------
INSERT INTO `editorcategory` VALUES (0, 0);
INSERT INTO `editorcategory` VALUES (7, 10);
INSERT INTO `editorcategory` VALUES (7, 11);
INSERT INTO `editorcategory` VALUES (7, 12);
INSERT INTO `editorcategory` VALUES (20, 15);
INSERT INTO `editorcategory` VALUES (20, 16);
INSERT INTO `editorcategory` VALUES (20, 17);

-- ----------------------------
-- Table structure for news
-- ----------------------------
DROP TABLE IF EXISTS `news`;
CREATE TABLE `news`  (
  `NewsID` int NOT NULL AUTO_INCREMENT,
  `WriterID` int NOT NULL,
  `Thumbnail` text CHARACTER SET utf8mb4 COLLATE utf8mb4_general_ci NULL,
  `Title` varchar(255) CHARACTER SET utf8mb4 COLLATE utf8mb4_general_ci NOT NULL,
  `PublishDate` date NULL DEFAULT NULL,
  `Abstract` text CHARACTER SET utf8mb4 COLLATE utf8mb4_general_ci NULL,
  `Content` text CHARACTER SET utf8mb4 COLLATE utf8mb4_general_ci NOT NULL,
  `CatID` int NULL DEFAULT NULL,
  `PremiumFlag` tinyint(1) NULL DEFAULT 0,
  `Status` int NOT NULL,
  `ViewCount` int NULL DEFAULT 0,
  PRIMARY KEY (`NewsID`) USING BTREE,
  FULLTEXT INDEX `Title`(`Title`, `Abstract`, `Content`)
) ENGINE = InnoDB AUTO_INCREMENT = 20 CHARACTER SET = utf8mb4 COLLATE = utf8mb4_general_ci ROW_FORMAT = DYNAMIC;

-- ----------------------------
-- Records of news
-- ----------------------------
INSERT INTO `news` VALUES (1, 1, 'https://cdn.tuoitre.vn/zoom/456_285/471584752817336320/2024/12/10/z61149450792530704d4d3091988ec3fb20658733ca71c-17337959000931164362877.jpg', 'Former Ghana leader pulls off historic comeback after crucial presidential election', '2024-12-21', 'A brief overview of AI advancements.', '<p><br></p><p><section class=\"layout__end layout-with-rail__end\" style=\"box-sizing: inherit; -webkit-font-smoothing: antialiased; text-rendering: optimizelegibility;\"><div data-editable=\"end\" data-track-zone=\"end\" style=\"box-sizing: inherit; -webkit-font-smoothing: antialiased; text-rendering: optimizelegibility;\"><div data-uri=\"cms.cnn.com/_components/dynamic/instances/new-content-recs-dynamic-v1@published\" data-editable=\"settings\" class=\"dynamic\" style=\"box-sizing: inherit; -webkit-font-smoothing: antialiased; text-rendering: optimizelegibility;\"><div data-uri=\"cms.cnn.com/_components/dynamic-logic/instances/content-recs-related-edition-v1@published\" style=\"box-sizing: inherit; -webkit-font-smoothing: antialiased; text-rendering: optimizelegibility;\"><div data-uri=\"cms.cnn.com/_components/content-recs/instances/content-recs-related-edition@published\" class=\"content-recs\" data-editable=\"settings\" data-recs-model=\"related\" data-title=\"Up next\" data-number-of-items=\"5\" data-content-types=\"article\" data-sections=\"\" data-layout=\"container_list-headlines-with-read-times\" style=\"box-sizing: inherit; -webkit-font-smoothing: antialiased; text-rendering: optimizelegibility; width: 676px; max-width: 676px; margin: 0px auto 32px;\"><div class=\"container container_list-headlines-with-read-times  \" data-uri=\"/_components/container/instances/content-recs\" data-selective-publishing=\"true\" data-collapsed-text=\"Up next\" style=\"box-sizing: inherit; -webkit-font-smoothing: antialiased; text-rendering: optimizelegibility; margin-bottom: 0px; width: 676px;\"><div class=\"container__ads container_list-headlines-with-read-times__ads\" style=\"box-sizing: inherit; -webkit-font-smoothing: antialiased; text-rendering: optimizelegibility; color: rgb(0, 0, 0); font-family: cnn_sans_display, helveticaneue, Helvetica, Arial, Utkal, sans-serif; font-size: medium; font-style: normal; font-variant-ligatures: normal; font-variant-caps: normal; font-weight: 400; letter-spacing: normal; orphans: 2; text-align: start; text-indent: 0px; text-transform: none; widows: 2; word-spacing: 0px; -webkit-text-stroke-width: 0px; white-space: normal; background-color: rgb(255, 255, 255); text-decoration-thickness: initial; text-decoration-style: initial; text-decoration-color: initial;\"></div></div></div></div></div></div></section></p><section class=\"layout__main layout-with-rail__main\" data-editable=\"main\" data-track-zone=\"main\" data-reorderable=\"main\" style=\"box-sizing: inherit; -webkit-font-smoothing: antialiased; text-rendering: optimizelegibility;\"><article data-uri=\"cms.cnn.com/_components/article/instances/cm4fgqbcg002p2cp49eeiab72@published\" class=\"article\" role=\"main\" data-drag-disable=\"true\" data-unselectable=\"true\" data-regwall-disabled=\"false\" data-subscription-only=\"false\" data-paywall-disabled=\"false\" style=\"box-sizing: inherit; -webkit-font-smoothing: antialiased; text-rendering: optimizelegibility; margin-bottom: 32px;\"><section class=\"body tabcontent active\" data-tabcontent=\"Content\" style=\"box-sizing: inherit; -webkit-font-smoothing: antialiased; text-rendering: optimizelegibility;\"><main class=\"article__main\" style=\"box-sizing: inherit; -webkit-font-smoothing: antialiased; text-rendering: optimizelegibility; display: flex; flex-direction: column;\"><div class=\"image__lede article__lede-wrapper\" data-editable=\"lede\" data-freewheel-lede=\"true\" style=\"box-sizing: inherit; -webkit-font-smoothing: antialiased; text-rendering: optimizelegibility; border: none; margin: 0px; padding: 0px; z-index: 1;\"><div data-uri=\"cms.cnn.com/_components/image/instances/cm4fhwfn500183b6m0683866j@published\" class=\"image image__hide-placeholder image--eq-extra-small image--eq-small\" data-image-variation=\"image\" data-name=\"GettyImages-2187772807.jpg\" data-component-name=\"image\" data-observe-resizes=\"\" data-breakpoints=\"{&quot;image--eq-extra-small&quot;: 115, &quot;image--eq-small&quot;: 300}\" data-original-ratio=\"0.6665\" data-original-height=\"1333\" data-original-width=\"2000\" data-url=\"https://media.cnn.com/api/v1/images/stellar/prod/gettyimages-2187772807.jpg?c=original\" data-editable=\"settings\" style=\"box-sizing: inherit; -webkit-font-smoothing: antialiased; text-rendering: optimizelegibility; border-bottom: 0px; margin: 0px 0px 32px; padding-bottom: 0px; width: 852.667px;\"><div class=\"image__container \" data-image-variation=\"image\" data-breakpoints=\"{&quot;image--eq-extra-small&quot;: 115, &quot;image--eq-small&quot;: 300, &quot;image--show-credits&quot;: 525}\" style=\"box-sizing: inherit; -webkit-font-smoothing: antialiased; text-rendering: optimizelegibility; display: flex; margin-bottom: auto;\"><source height=\"653\" width=\"1160\" media=\"(min-width: 480px)\" srcset=\"https://media.cnn.com/api/v1/images/stellar/prod/gettyimages-2187772807.jpg?c=16x9&amp;q=h_653,w_1160,c_fill/f_webp\" type=\"image/webp\" style=\"box-sizing: inherit; -webkit-font-smoothing: antialiased; text-rendering: optimizelegibility;\"><source height=\"605\" width=\"1075\" media=\"(min-width: 960px)\" srcset=\"https://media.cnn.com/api/v1/images/stellar/prod/gettyimages-2187772807.jpg?c=16x9&amp;q=h_605,w_1075,c_fill/f_webp\" type=\"image/webp\" style=\"box-sizing: inherit; -webkit-font-smoothing: antialiased; text-rendering: optimizelegibility;\"><source height=\"833\" width=\"1480\" media=\"(min-width: 1280px)\" srcset=\"https://media.cnn.com/api/v1/images/stellar/prod/gettyimages-2187772807.jpg?c=16x9&amp;q=h_833,w_1480,c_fill/f_webp\" type=\"image/webp\" style=\"box-sizing: inherit; -webkit-font-smoothing: antialiased; text-rendering: optimizelegibility;\"><img src=\"https://media.cnn.com/api/v1/images/stellar/prod/gettyimages-2187772807.jpg?c=16x9&amp;q=h_833,w_1480,c_fill\" alt=\"Ghana\'s incoming president, John Mahama has vowed to “reset” the nation on a path “for good governance and accountability.”\" class=\"image__dam-img\" height=\"1333\" width=\"2000\" style=\"box-sizing: inherit; -webkit-font-smoothing: antialiased; text-rendering: optimizelegibility; width: 852.667px; object-fit: cover; height: 479.99px;\"></div><div class=\"image__metadata\" style=\"box-sizing: inherit; -webkit-font-smoothing: antialiased; text-rendering: optimizelegibility; display: block; max-width: 676px; margin: 8px auto 0px; border-bottom: 1px solid rgb(230, 230, 230); padding-bottom: 8px;\"><div itemprop=\"caption\" class=\"image__caption attribution\" style=\"box-sizing: inherit; -webkit-font-smoothing: antialiased; text-rendering: optimizelegibility; color: rgb(12, 12, 12); font-size: 14px; font-weight: 400; line-height: 20px; margin-top: 4px; text-align: left; order: 2; display: inline;\"><span data-editable=\"metaCaption\" class=\"inline-placeholder\" style=\"box-sizing: inherit; -webkit-font-smoothing: antialiased; text-rendering: optimizelegibility;\">Ghana\'s incoming president, John Mahama has vowed to “reset” the nation on a path “for good governance and accountability.”</span><span>&nbsp;</span></div><figcaption class=\"image__credit\" style=\"box-sizing: inherit; -webkit-font-smoothing: antialiased; text-rendering: optimizelegibility; color: rgb(110, 110, 110); font-size: 14px; font-weight: 400; margin: 0px; text-align: right; order: 1; visibility: visible; padding: 4px 0px; line-height: 20px; display: inline;\">Olympia de Maismont/AFP/Getty Images</figcaption></div></div></div><div class=\"article__content-container\" style=\"box-sizing: inherit; -webkit-font-smoothing: antialiased; text-rendering: optimizelegibility;\"><div class=\"article__content\" data-editable=\"content\" itemprop=\"articleBody\" data-reorderable=\"content\" style=\"box-sizing: inherit; -webkit-font-smoothing: antialiased; text-rendering: optimizelegibility; z-index: 1; margin-right: 0px;\"><div data-uri=\"cms.cnn.com/_components/source/instances/cm4fgqbcg002n2cp44emsgwza@published\" data-component-name=\"source\" class=\"source inline-placeholder\" data-article-gutter=\"true\" style=\"box-sizing: inherit; -webkit-font-smoothing: antialiased; text-rendering: optimizelegibility; font-weight: 700; float: left; z-index: 1; max-width: 676px; position: relative; left: calc(-543px + 50vw);\"><cite class=\"source__cite\" style=\"box-sizing: inherit; -webkit-font-smoothing: antialiased; text-rendering: optimizelegibility; font-style: normal; line-height: var(--theme-paragraph__line-height--from-small); display: flex; flex-direction: row;\"><span class=\"source__location\" data-editable=\"location\" style=\"box-sizing: inherit; -webkit-font-smoothing: antialiased; text-rendering: optimizelegibility; display: inline-flex; margin-right: 0px;\"></span><span class=\"source__text\" data-editable=\"source\" style=\"box-sizing: inherit; -webkit-font-smoothing: antialiased; text-rendering: optimizelegibility; display: inline-flex;\">CNN</span>&nbsp;—&nbsp;</cite></div><p class=\"paragraph inline-placeholder vossi-paragraph\" data-uri=\"cms.cnn.com/_components/paragraph/instances/cm4fhtmsr000c3b6mb9d0ytjb@published\" data-editable=\"text\" data-component-name=\"paragraph\" data-article-gutter=\"true\" data-analytics-observe=\"on\" style=\"box-sizing: inherit; -webkit-font-smoothing: antialiased; text-rendering: optimizelegibility; color: var(--appr-color-text-primary); font-style: normal; letter-spacing: var(--base-font-letter-spacing-none); flex: 1 0 0px; font-family: var(--theme-paragraph__font-family); font-size: var(--theme-paragraph__font-size); font-weight: 400; line-height: var(--theme-paragraph__line-height); margin-bottom: var(--base-space-16); overflow-wrap: break-word; max-width: 676px; position: relative; left: calc(-543px + 50vw);\">Ghana’s Vice President Mahamudu Bawumia has conceded defeat a day after a tense presidential election, marking a historic political comeback for the opposition candidate, former leader John Mahama.</p><p class=\"paragraph inline-placeholder vossi-paragraph\" data-uri=\"cms.cnn.com/_components/paragraph/instances/cm4fhvrit000w3b6mcbsgyxdu@published\" data-editable=\"text\" data-component-name=\"paragraph\" data-article-gutter=\"true\" data-analytics-observe=\"on\" style=\"box-sizing: inherit; -webkit-font-smoothing: antialiased; text-rendering: optimizelegibility; color: var(--appr-color-text-primary); font-style: normal; letter-spacing: var(--base-font-letter-spacing-none); flex: 1 0 0px; font-family: var(--theme-paragraph__font-family); font-size: var(--theme-paragraph__font-size); font-weight: 400; line-height: var(--theme-paragraph__line-height); margin-bottom: var(--base-space-16); overflow-wrap: break-word; max-width: 676px; position: relative; left: calc(-543px + 50vw);\">Bawumia said in his concession speech on Sunday morning that internally collated results showed that “Mahama has won the presidential election decisively,” ahead of a formal announcement by the electoral commission.</p><p class=\"paragraph inline-placeholder vossi-paragraph\" data-uri=\"cms.cnn.com/_components/paragraph/instances/cm4fhvrit000x3b6mqf0sx67v@published\" data-editable=\"text\" data-component-name=\"paragraph\" data-article-gutter=\"true\" data-analytics-observe=\"on\" style=\"box-sizing: inherit; -webkit-font-smoothing: antialiased; text-rendering: optimizelegibility; color: var(--appr-color-text-primary); font-style: normal; letter-spacing: var(--base-font-letter-spacing-none); flex: 1 0 0px; font-family: var(--theme-paragraph__font-family); font-size: var(--theme-paragraph__font-size); font-weight: 400; line-height: var(--theme-paragraph__line-height); margin-bottom: var(--base-space-16); overflow-wrap: break-word; max-width: 676px; position: relative; left: calc(-543px + 50vw);\">Bawumia said the opposition National Democratic Congress (NDC) party had also won the parliamentary election. He said he conceded “to avoid further tension and preserve the peace of our country.”</p><div data-uri=\"cms.cnn.com/_components/ad-slot-dynamic/instances/sharethrough@published\" class=\"ad-slot-dynamic ad-slot-dynamic--1\" data-placement=\"{&quot;mobile&quot;:{&quot;position&quot;:5},&quot;desktop&quot;:{&quot;position&quot;:3}}\" data-unselectable=\"true\" style=\"box-sizing: inherit; -webkit-font-smoothing: antialiased; text-rendering: optimizelegibility; display: flex; position: relative; justify-content: center; align-items: center; width: 852.667px; overflow: hidden;\"><div data-uri=\"cms.cnn.com/_components/ad-slot/instances/cnn-v1@published\" class=\"ad-slot\" data-path=\"end/ad-slot-dynamic[0]/items\" data-desktop-slot-id=\"ad_nat_btf_01\" data-mobile-slot-id=\"ad_nat_btf_01\" data-unselectable=\"true\" style=\"box-sizing: inherit; -webkit-font-smoothing: antialiased; text-rendering: optimizelegibility; text-align: center; width: 852.667px; height: auto; display: flex; min-height: 0px; animation: auto ease 0s 1 normal none running none; padding: 0px;\"><div class=\"ad-slot__feedback ad-feedback-link-container\" style=\"box-sizing: inherit; -webkit-font-smoothing: antialiased; text-rendering: optimizelegibility; visibility: hidden; display: flex; justify-content: space-between; padding: 0px 4px; max-width: 350px; margin-right: auto; width: 350px; margin-top: 0px; font-size: 12px; margin-left: auto; color: rgb(110, 110, 110); user-select: none;\"><div class=\"ad-slot__ad-label\" style=\"box-sizing: inherit; -webkit-font-smoothing: antialiased; text-rendering: optimizelegibility; display: block; cursor: default; margin-top: 4px;\"></div><div data-ad-type=\"DISPLAY\" data-ad-identifier=\"ad_nat_btf_01\" class=\"ad-feedback-link\" style=\"box-sizing: inherit; -webkit-font-smoothing: antialiased; text-rendering: optimizelegibility; margin-top: 4px; cursor: pointer; display: flex; color: rgb(110, 110, 110);\"><div class=\"ad-feedback-link__label\" style=\"box-sizing: inherit; -webkit-font-smoothing: antialiased; text-rendering: optimizelegibility;\"></div></div></div></div></div><p class=\"paragraph inline-placeholder vossi-paragraph\" data-uri=\"cms.cnn.com/_components/paragraph/instances/cm4fhvrit000y3b6m6c10q14h@published\" data-editable=\"text\" data-component-name=\"paragraph\" data-article-gutter=\"true\" data-analytics-observe=\"on\" style=\"box-sizing: inherit; -webkit-font-smoothing: antialiased; text-rendering: optimizelegibility; color: var(--appr-color-text-primary); font-style: normal; letter-spacing: var(--base-font-letter-spacing-none); flex: 1 0 0px; font-family: var(--theme-paragraph__font-family); font-size: var(--theme-paragraph__font-size); font-weight: 400; line-height: var(--theme-paragraph__line-height); margin-bottom: var(--base-space-16); overflow-wrap: break-word; max-width: 676px; position: relative; left: calc(-543px + 50vw);\">“I have since called H.E John Dramani Mahama to congratulate him as President-elect of the Republic of Ghana,” Bawumia said, adding that “the people have voted for change at this time, and we respect that decision with all humility.”</p><p class=\"paragraph inline-placeholder vossi-paragraph\" data-uri=\"cms.cnn.com/_components/paragraph/instances/cm4fhvrit000z3b6mgdq8762s@published\" data-editable=\"text\" data-component-name=\"paragraph\" data-article-gutter=\"true\" data-analytics-observe=\"on\" style=\"box-sizing: inherit; -webkit-font-smoothing: antialiased; text-rendering: optimizelegibility; color: var(--appr-color-text-primary); font-style: normal; letter-spacing: var(--base-font-letter-spacing-none); flex: 1 0 0px; font-family: var(--theme-paragraph__font-family); font-size: var(--theme-paragraph__font-size); font-weight: 400; line-height: var(--theme-paragraph__line-height); margin-bottom: var(--base-space-16); overflow-wrap: break-word; max-width: 676px; position: relative; left: calc(-543px + 50vw);\">Opinion polls had predicted a first-round victory for Mahama amid widespread discontent over the country’s economy and<strong style=\"box-sizing: inherit; -webkit-font-smoothing: antialiased; text-rendering: optimizelegibility; font-family: var(--theme-font-family-body); font-size: var(--appr-font-size-body-md); line-height: var(--appr-font-line-height-body-md); color: var(--appr-color-text-primary); font-style: normal; letter-spacing: var(--base-font-letter-spacing-none); flex: 1 0 0px; font-weight: 700;\"><span>&nbsp;</span></strong>a crisis over<span>&nbsp;</span><a href=\"https://www.cnn.com/interactive/asequals/ghana-illegal-gold-mining-galamsey-birth-defects-as-equals-intl-cmd/\" style=\"box-sizing: inherit; -webkit-font-smoothing: antialiased; text-rendering: optimizelegibility; font-weight: var(--base-font-weight-regular); font-family: var(--theme-font-family-body); font-size: var(--appr-font-size-body-md); line-height: var(--appr-font-line-height-body-md); color: var(--theme-paragraph__link-color); font-style: normal; letter-spacing: var(--base-font-letter-spacing-none); text-decoration-line: var(--theme-paragraph__link-decoration); text-underline-offset: var(--theme-paragraph__hover-link-offset);\">illegal gold mining</a>.</p><p class=\"paragraph inline-placeholder vossi-paragraph\" data-uri=\"cms.cnn.com/_components/paragraph/instances/cm4flik6i00083b6mvguqz8dm@published\" data-editable=\"text\" data-component-name=\"paragraph\" data-article-gutter=\"true\" data-analytics-observe=\"off\" style=\"box-sizing: inherit; -webkit-font-smoothing: antialiased; text-rendering: optimizelegibility; color: var(--appr-color-text-primary); font-style: normal; letter-spacing: var(--base-font-letter-spacing-none); flex: 1 0 0px; font-family: var(--theme-paragraph__font-family); font-size: var(--theme-paragraph__font-size); font-weight: 400; line-height: var(--theme-paragraph__line-height); margin-bottom: var(--base-space-16); overflow-wrap: break-word; max-width: 676px; position: relative; left: calc(-543px + 50vw);\">Ghanaians have been railing against environmental degradation caused by unlicensed small-scale mining, a longstanding issue that has left large swathes of land pockmarked by pits and major rivers polluted.</p><div data-uri=\"cms.cnn.com/_components/ad-slot-dynamic/instances/outstream@published\" class=\"ad-slot-dynamic ad-slot-dynamic--1\" data-placement=\"{&quot;mobile&quot;:{&quot;position&quot;:7},&quot;desktop&quot;:{&quot;position&quot;:6}}\" data-unselectable=\"true\" style=\"box-sizing: inherit; -webkit-font-smoothing: antialiased; text-rendering: optimizelegibility; display: flex; position: relative; justify-content: center; align-items: center; width: 852.667px; overflow: hidden;\"><div class=\"ad-slot-dynamic__close\" style=\"box-sizing: inherit; -webkit-font-smoothing: antialiased; text-rendering: optimizelegibility; display: block; position: absolute; right: 0px; top: 0px; width: 18px; height: 18px; opacity: 0.3; cursor: pointer;\"></div></div><p class=\"paragraph inline-placeholder vossi-paragraph\" data-uri=\"cms.cnn.com/_components/paragraph/instances/cm4fhvrit00103b6mu66a3for@published\" data-editable=\"text\" data-component-name=\"paragraph\" data-article-gutter=\"true\" data-analytics-observe=\"off\" style=\"box-sizing: inherit; -webkit-font-smoothing: antialiased; text-rendering: optimizelegibility; color: var(--appr-color-text-primary); font-style: normal; letter-spacing: var(--base-font-letter-spacing-none); flex: 1 0 0px; font-family: var(--theme-paragraph__font-family); font-size: var(--theme-paragraph__font-size); font-weight: 400; line-height: var(--theme-paragraph__line-height); margin-bottom: var(--base-space-16); overflow-wrap: break-word; max-width: 676px; position: relative; left: calc(-543px + 50vw);\">Ghana is also grappling with its worst economic situation in decades as it reels from high inflation, youth unemployment, and a steep increase in the cost of living.</p><p class=\"paragraph inline-placeholder vossi-paragraph\" data-uri=\"cms.cnn.com/_components/paragraph/instances/cm4fhvrit00113b6m7fk0sg8b@published\" data-editable=\"text\" data-component-name=\"paragraph\" data-article-gutter=\"true\" data-analytics-observe=\"off\" style=\"box-sizing: inherit; -webkit-font-smoothing: antialiased; text-rendering: optimizelegibility; color: var(--appr-color-text-primary); font-style: normal; letter-spacing: var(--base-font-letter-spacing-none); flex: 1 0 0px; font-family: var(--theme-paragraph__font-family); font-size: var(--theme-paragraph__font-size); font-weight: 400; line-height: var(--theme-paragraph__line-height); margin-bottom: var(--base-space-16); overflow-wrap: break-word; max-width: 676px; position: relative; left: calc(-543px + 50vw);\">Bawumia, 61, a UK-trained economist who chaired the nation’s economic management team, faced criticism ahead of the elections over his handling of the struggling economy. On the campaign trail, Mahama also criticized him for saying little about the economy.</p><p class=\"paragraph inline-placeholder vossi-paragraph\" data-uri=\"cms.cnn.com/_components/paragraph/instances/cm4fhvrit00123b6mplkp9rdm@published\" data-editable=\"text\" data-component-name=\"paragraph\" data-article-gutter=\"true\" data-analytics-observe=\"off\" style=\"box-sizing: inherit; -webkit-font-smoothing: antialiased; text-rendering: optimizelegibility; color: var(--appr-color-text-primary); font-style: normal; letter-spacing: var(--base-font-letter-spacing-none); flex: 1 0 0px; font-family: var(--theme-paragraph__font-family); font-size: var(--theme-paragraph__font-size); font-weight: 400; line-height: var(--theme-paragraph__line-height); margin-bottom: var(--base-space-16); overflow-wrap: break-word; max-width: 676px; position: relative; left: calc(-543px + 50vw);\">Mahama, 66, described the election as a “defining moment” for Ghana and vowed to “reset” the nation on a path “for good governance and accountability.”</p><p class=\"paragraph inline-placeholder vossi-paragraph\" data-uri=\"cms.cnn.com/_components/paragraph/instances/cm4fhvrit00133b6m668193fn@published\" data-editable=\"text\" data-component-name=\"paragraph\" data-article-gutter=\"true\" data-analytics-observe=\"off\" style=\"box-sizing: inherit; -webkit-font-smoothing: antialiased; text-rendering: optimizelegibility; color: var(--appr-color-text-primary); font-style: normal; letter-spacing: var(--base-font-letter-spacing-none); flex: 1 0 0px; font-family: var(--theme-paragraph__font-family); font-size: var(--theme-paragraph__font-size); font-weight: 400; line-height: var(--theme-paragraph__line-height); margin-bottom: var(--base-space-16); overflow-wrap: break-word; max-width: 676px; position: relative; left: calc(-543px + 50vw);\">He<span>&nbsp;</span><a href=\"https://x.com/JDMahama/status/1865691327394103335\" target=\"_blank\" style=\"box-sizing: inherit; -webkit-font-smoothing: antialiased; text-rendering: optimizelegibility; font-weight: var(--base-font-weight-regular); font-family: var(--theme-font-family-body); font-size: var(--appr-font-size-body-md); line-height: var(--appr-font-line-height-body-md); color: var(--theme-paragraph__link-color); font-style: normal; letter-spacing: var(--base-font-letter-spacing-none); text-decoration-line: var(--theme-paragraph__link-decoration); text-underline-offset: var(--theme-paragraph__hover-link-offset);\">said</a><span>&nbsp;</span>Sunday he had received a “congratulatory call” from Bawumia, following his “emphatic victory.”</p></div><div class=\"article__copyright\" data-editable=\"copyright\" itemprop=\"articleCopyright\" data-reorderable=\"copyright\" style=\"box-sizing: inherit; -webkit-font-smoothing: antialiased; text-rendering: optimizelegibility;\"></div></div></main></section></article></section>', 11, 1, 1, 1222);
INSERT INTO `news` VALUES (2, 2, 'https://media.cnn.com/api/v1/images/stellar/prod/2024-10-31t183621z-2125156052-rc2ovaa16bww-rtrmadp-3-usa-southkorea.jpg?c=16x9&q=h_653,w_1160,c_fill/f_webp', 'Dozens killed in crowd crush at Guinea soccer match', '2024-12-22', 'Exploring the surge in EV adoption.', '<p><br></p><div class=\"image__lede article__lede-wrapper\" data-editable=\"lede\" data-freewheel-lede=\"true\" style=\"box-sizing: inherit; -webkit-font-smoothing: antialiased; text-rendering: optimizelegibility; border: none; margin: 0px; padding: 0px; z-index: 1; color: rgb(0, 0, 0); font-family: cnn_sans_display, helveticaneue, Helvetica, Arial, Utkal, sans-serif; font-size: medium;\"><div data-uri=\"cms.cnn.com/_components/image/instances/cm46pt4sn00043b6mvvinfgbw@published\" class=\"image image__hide-placeholder image--eq-extra-small image--eq-small\" data-image-variation=\"image\" data-name=\"still_21166969_40350.529_still.jpg\" data-component-name=\"image\" data-observe-resizes=\"\" data-breakpoints=\"{&quot;image--eq-extra-small&quot;: 115, &quot;image--eq-small&quot;: 300}\" data-original-ratio=\"0.5625\" data-original-height=\"1080\" data-original-width=\"1920\" data-url=\"https://media.cnn.com/api/v1/images/stellar/prod/still-21166969-40350-529-still.jpg?c=original\" data-editable=\"settings\" style=\"box-sizing: inherit; -webkit-font-smoothing: antialiased; text-rendering: optimizelegibility; border-bottom: 0px; margin: 0px 0px 32px; padding-bottom: 0px; width: 852.667px;\"><div class=\"image__container \" data-image-variation=\"image\" data-breakpoints=\"{&quot;image--eq-extra-small&quot;: 115, &quot;image--eq-small&quot;: 300, &quot;image--show-credits&quot;: 525}\" style=\"box-sizing: inherit; -webkit-font-smoothing: antialiased; text-rendering: optimizelegibility; display: flex; margin-bottom: auto;\"><source height=\"653\" width=\"1160\" media=\"(min-width: 480px)\" srcset=\"https://media.cnn.com/api/v1/images/stellar/prod/still-21166969-40350-529-still.jpg?c=16x9&amp;q=h_653,w_1160,c_fill/f_webp\" type=\"image/webp\" style=\"box-sizing: inherit; -webkit-font-smoothing: antialiased; text-rendering: optimizelegibility;\"><source height=\"605\" width=\"1075\" media=\"(min-width: 960px)\" srcset=\"https://media.cnn.com/api/v1/images/stellar/prod/still-21166969-40350-529-still.jpg?c=16x9&amp;q=h_605,w_1075,c_fill/f_webp\" type=\"image/webp\" style=\"box-sizing: inherit; -webkit-font-smoothing: antialiased; text-rendering: optimizelegibility;\"><source height=\"833\" width=\"1480\" media=\"(min-width: 1280px)\" srcset=\"https://media.cnn.com/api/v1/images/stellar/prod/still-21166969-40350-529-still.jpg?c=16x9&amp;q=h_833,w_1480,c_fill/f_webp\" type=\"image/webp\" style=\"box-sizing: inherit; -webkit-font-smoothing: antialiased; text-rendering: optimizelegibility;\"><img src=\"https://media.cnn.com/api/v1/images/stellar/prod/still-21166969-40350-529-still.jpg?c=16x9&amp;q=h_833,w_1480,c_fill\" alt=\"Video geolocated by CNN showed fans scaling a wall as they try to flee from the stadium in Nzérékoré in southeastern Guinea.\" class=\"image__dam-img\" height=\"1080\" width=\"1920\" style=\"box-sizing: inherit; -webkit-font-smoothing: antialiased; text-rendering: optimizelegibility; width: 852.667px; object-fit: cover; height: 479.99px;\"></div><div class=\"image__metadata\" style=\"box-sizing: inherit; -webkit-font-smoothing: antialiased; text-rendering: optimizelegibility; max-width: 676px; margin: 8px auto 0px; border-bottom: 1px solid rgb(230, 230, 230); padding-bottom: 8px;\"><div itemprop=\"caption\" class=\"image__caption attribution\" style=\"box-sizing: inherit; -webkit-font-smoothing: antialiased; text-rendering: optimizelegibility; color: rgb(12, 12, 12); font-size: 14px; line-height: 20px; margin-top: 4px; order: 2; display: inline;\"><span data-editable=\"metaCaption\" class=\"inline-placeholder\" style=\"box-sizing: inherit; -webkit-font-smoothing: antialiased; text-rendering: optimizelegibility;\">Video geolocated by CNN showed fans scaling a wall as they try to flee from the stadium in Nzérékoré in southeastern Guinea.</span>&nbsp;</div><figcaption class=\"image__credit\" style=\"box-sizing: inherit; -webkit-font-smoothing: antialiased; text-rendering: optimizelegibility; color: rgb(110, 110, 110); font-size: 14px; margin: 0px; text-align: right; order: 1; visibility: visible; padding: 4px 0px; line-height: 20px; display: inline;\">From Social Media</figcaption></div></div></div><div class=\"article__content-container\" style=\"box-sizing: inherit; -webkit-font-smoothing: antialiased; text-rendering: optimizelegibility; color: rgb(0, 0, 0); font-family: cnn_sans_display, helveticaneue, Helvetica, Arial, Utkal, sans-serif; font-size: medium;\"><div class=\"article__content\" data-editable=\"content\" itemprop=\"articleBody\" data-reorderable=\"content\" style=\"box-sizing: inherit; -webkit-font-smoothing: antialiased; text-rendering: optimizelegibility; z-index: 1; margin-right: 0px;\"><div data-uri=\"cms.cnn.com/_components/source/instances/cm46i9tbj006w25p07zvs9c4y@published\" data-component-name=\"source\" class=\"source inline-placeholder\" data-article-gutter=\"true\" style=\"box-sizing: inherit; -webkit-font-smoothing: antialiased; text-rendering: optimizelegibility; font-weight: 700; float: left; z-index: 1; max-width: 676px; position: relative; left: calc(-543px + 50vw);\"><cite class=\"source__cite\" style=\"box-sizing: inherit; -webkit-font-smoothing: antialiased; text-rendering: optimizelegibility; font-style: normal; line-height: var(--theme-paragraph__line-height--from-small); display: flex; flex-direction: row;\"><span class=\"source__location\" data-editable=\"location\" style=\"box-sizing: inherit; -webkit-font-smoothing: antialiased; text-rendering: optimizelegibility; display: inline-flex; margin-right: 0px;\"></span><span class=\"source__text\" data-editable=\"source\" style=\"box-sizing: inherit; -webkit-font-smoothing: antialiased; text-rendering: optimizelegibility; display: inline-flex;\">CNN</span>&nbsp;—&nbsp;</cite></div><p class=\"paragraph inline-placeholder vossi-paragraph\" data-uri=\"cms.cnn.com/_components/paragraph/instances/cm46i9tbj006x25p01bjoafj2@published\" data-editable=\"text\" data-component-name=\"paragraph\" data-article-gutter=\"true\" data-analytics-observe=\"on\" style=\"box-sizing: inherit; -webkit-font-smoothing: antialiased; text-rendering: optimizelegibility; color: var(--appr-color-text-primary); letter-spacing: var(--base-font-letter-spacing-none); flex: 1 0 0px; font-family: var(--theme-paragraph__font-family); font-size: var(--theme-paragraph__font-size); line-height: var(--theme-paragraph__line-height); margin-bottom: var(--base-space-16); overflow-wrap: break-word; max-width: 676px; position: relative; left: calc(-543px + 50vw);\">A crowd crush at a soccer match in the west African country of Guinea has left at least 56 people dead and many others injured, authorities said Monday.</p><p class=\"paragraph inline-placeholder vossi-paragraph\" data-uri=\"cms.cnn.com/_components/paragraph/instances/cm46vvd0800013b6m2prrgcgm@published\" data-editable=\"text\" data-component-name=\"paragraph\" data-article-gutter=\"true\" data-analytics-observe=\"on\" style=\"box-sizing: inherit; -webkit-font-smoothing: antialiased; text-rendering: optimizelegibility; color: var(--appr-color-text-primary); letter-spacing: var(--base-font-letter-spacing-none); flex: 1 0 0px; font-family: var(--theme-paragraph__font-family); font-size: var(--theme-paragraph__font-size); line-height: var(--theme-paragraph__line-height); margin-bottom: var(--base-space-16); overflow-wrap: break-word; max-width: 676px; position: relative; left: calc(-543px + 50vw);\">Information minister Fana Soumah said in a statement that investigations were underway into the cause of the crush at a stadium in the southern city of Nzerekore.</p><p class=\"paragraph inline-placeholder vossi-paragraph\" data-uri=\"cms.cnn.com/_components/paragraph/instances/cm46vvq6w00033b6mvcxq42cw@published\" data-editable=\"text\" data-component-name=\"paragraph\" data-article-gutter=\"true\" data-analytics-observe=\"on\" style=\"box-sizing: inherit; -webkit-font-smoothing: antialiased; text-rendering: optimizelegibility; color: var(--appr-color-text-primary); letter-spacing: var(--base-font-letter-spacing-none); flex: 1 0 0px; font-family: var(--theme-paragraph__font-family); font-size: var(--theme-paragraph__font-size); line-height: var(--theme-paragraph__line-height); margin-bottom: var(--base-space-16); overflow-wrap: break-word; max-width: 676px; position: relative; left: calc(-543px + 50vw);\">Social media videos showed fans scrambling to get out of the packed stadium.</p><div data-uri=\"cms.cnn.com/_components/ad-slot-dynamic/instances/sharethrough@published\" class=\"ad-slot-dynamic ad-slot-dynamic--1\" data-placement=\"{&quot;mobile&quot;:{&quot;position&quot;:5},&quot;desktop&quot;:{&quot;position&quot;:3}}\" data-unselectable=\"true\" style=\"box-sizing: inherit; -webkit-font-smoothing: antialiased; text-rendering: optimizelegibility; display: flex; position: relative; justify-content: center; align-items: center; width: 852.667px; overflow: hidden;\"><div data-uri=\"cms.cnn.com/_components/ad-slot/instances/cnn-v1@published\" class=\"ad-slot\" data-path=\"end/ad-slot-dynamic[0]/items\" data-desktop-slot-id=\"ad_nat_btf_01\" data-mobile-slot-id=\"ad_nat_btf_01\" data-unselectable=\"true\" style=\"box-sizing: inherit; -webkit-font-smoothing: antialiased; text-rendering: optimizelegibility; text-align: center; width: 852.667px; height: auto; display: flex; min-height: 0px; animation: auto ease 0s 1 normal none running none; padding: 0px;\"><div class=\"ad-slot__feedback ad-feedback-link-container\" style=\"box-sizing: inherit; -webkit-font-smoothing: antialiased; text-rendering: optimizelegibility; visibility: hidden; display: flex; justify-content: space-between; padding: 0px 4px; max-width: 350px; margin-right: auto; width: 350px; margin-top: 0px; font-size: 12px; margin-left: auto; color: rgb(110, 110, 110); user-select: none;\"><div class=\"ad-slot__ad-label\" style=\"box-sizing: inherit; -webkit-font-smoothing: antialiased; text-rendering: optimizelegibility; cursor: default; margin-top: 4px;\"></div><div data-ad-type=\"DISPLAY\" data-ad-identifier=\"ad_nat_btf_01\" class=\"ad-feedback-link\" style=\"box-sizing: inherit; -webkit-font-smoothing: antialiased; text-rendering: optimizelegibility; margin-top: 4px; cursor: pointer; display: flex;\"><div class=\"ad-feedback-link__label\" style=\"box-sizing: inherit; -webkit-font-smoothing: antialiased; text-rendering: optimizelegibility;\"></div></div></div></div></div><p class=\"paragraph inline-placeholder vossi-paragraph\" data-uri=\"cms.cnn.com/_components/paragraph/instances/cm46icl5i00073b6mv5gfhhdn@published\" data-editable=\"text\" data-component-name=\"paragraph\" data-article-gutter=\"true\" data-analytics-observe=\"off\" style=\"box-sizing: inherit; -webkit-font-smoothing: antialiased; text-rendering: optimizelegibility; color: var(--appr-color-text-primary); letter-spacing: var(--base-font-letter-spacing-none); flex: 1 0 0px; font-family: var(--theme-paragraph__font-family); font-size: var(--theme-paragraph__font-size); line-height: var(--theme-paragraph__line-height); margin-bottom: var(--base-space-16); overflow-wrap: break-word; max-width: 676px; position: relative; left: calc(-543px + 50vw);\">“The government deplores the incidents that marred the football match between the Labé and Nzérékoré teams this afternoon in Nzérékoré,” Prime Minister Bah Oury said earlier in a statement.</p><p class=\"paragraph inline-placeholder vossi-paragraph\" data-uri=\"cms.cnn.com/_components/paragraph/instances/cm46icl5i00093b6m8sjtsu1b@published\" data-editable=\"text\" data-component-name=\"paragraph\" data-article-gutter=\"true\" data-analytics-observe=\"off\" style=\"box-sizing: inherit; -webkit-font-smoothing: antialiased; text-rendering: optimizelegibility; color: var(--appr-color-text-primary); letter-spacing: var(--base-font-letter-spacing-none); flex: 1 0 0px; font-family: var(--theme-paragraph__font-family); font-size: var(--theme-paragraph__font-size); line-height: var(--theme-paragraph__line-height); margin-bottom: var(--base-space-16); overflow-wrap: break-word; max-width: 676px; position: relative; left: calc(-543px + 50vw);\">“The government is monitoring the development of the situation and reiterates its call for calm so that hospital services are not hindered in providing first aid to the injured,” Oury said, with city authorities ordered to restore “social tranquality.”</p><p class=\"paragraph inline-placeholder vossi-paragraph\" data-uri=\"cms.cnn.com/_components/paragraph/instances/cm46icl5i000a3b6muzy5b5rx@published\" data-editable=\"text\" data-component-name=\"paragraph\" data-article-gutter=\"true\" data-analytics-observe=\"off\" style=\"box-sizing: inherit; -webkit-font-smoothing: antialiased; text-rendering: optimizelegibility; color: var(--appr-color-text-primary); letter-spacing: var(--base-font-letter-spacing-none); flex: 1 0 0px; font-family: var(--theme-paragraph__font-family); font-size: var(--theme-paragraph__font-size); line-height: var(--theme-paragraph__line-height); margin-bottom: var(--base-space-16); overflow-wrap: break-word; max-width: 676px; position: relative; left: calc(-543px + 50vw);\">Oury’s statement did not give an account of what happened inside the stadium, but he said a more detailed report would follow.</p><p class=\"paragraph inline-placeholder vossi-paragraph\" data-uri=\"cms.cnn.com/_components/paragraph/instances/cm46icl5i000b3b6mhj94z938@published\" data-editable=\"text\" data-component-name=\"paragraph\" data-article-gutter=\"true\" data-analytics-observe=\"off\" style=\"box-sizing: inherit; -webkit-font-smoothing: antialiased; text-rendering: optimizelegibility; color: var(--appr-color-text-primary); flex: 1 0 0px; line-height: var(--theme-paragraph__line-height); margin-bottom: var(--base-space-16); overflow-wrap: break-word; max-width: 676px; position: relative; left: calc(-543px + 50vw);\">Video geolocated by CNN showed fans scaling a wall as they tried to flee the stadium in Nzérékoré in southeastern Guinea.</p><p class=\"paragraph inline-placeholder vossi-paragraph\" data-uri=\"cms.cnn.com/_components/paragraph/instances/cm46icl5i000e3b6m6dkyhmx3@published\" data-editable=\"text\" data-component-name=\"paragraph\" data-article-gutter=\"true\" data-analytics-observe=\"off\" style=\"box-sizing: inherit; -webkit-font-smoothing: antialiased; text-rendering: optimizelegibility; color: var(--appr-color-text-primary); flex: 1 0 0px; line-height: var(--theme-paragraph__line-height); margin-bottom: var(--base-space-16); overflow-wrap: break-word; max-width: 676px; position: relative; left: calc(-543px + 50vw);\">Mediaguinee said clashes between fans and security began over a series of refereeing decisions followed by a stampede as crowds tried to escape the stadium.</p><p class=\"paragraph inline-placeholder vossi-paragraph\" data-uri=\"cms.cnn.com/_components/paragraph/instances/cm46icl5i000f3b6m8cm6b7tv@published\" data-editable=\"text\" data-component-name=\"paragraph\" data-article-gutter=\"true\" data-analytics-observe=\"on\" style=\"box-sizing: inherit; -webkit-font-smoothing: antialiased; text-rendering: optimizelegibility; color: var(--appr-color-text-primary); flex: 1 0 0px; line-height: var(--theme-paragraph__line-height); margin-bottom: var(--base-space-16); overflow-wrap: break-word; max-width: 676px; position: relative; left: calc(-543px + 50vw);\">CNN has not been able to verify those reports.</p><p class=\"paragraph inline-placeholder vossi-paragraph\" data-uri=\"cms.cnn.com/_components/paragraph/instances/cm46vsrii00003b6m99whazyg@published\" data-editable=\"text\" data-component-name=\"paragraph\" data-article-gutter=\"true\" data-analytics-observe=\"on\" style=\"box-sizing: inherit; -webkit-font-smoothing: antialiased; text-rendering: optimizelegibility; color: var(--appr-color-text-primary); flex: 1 0 0px; line-height: var(--theme-paragraph__line-height); margin-bottom: var(--base-space-16); overflow-wrap: break-word; max-width: 676px; position: relative; left: calc(-543px + 50vw);\">Witnesses told Reuters that the chaos started after the referee officiating the game sent off a player in the dying minutes, sparking outrage and stone-pelting from angry fans.</p><p class=\"paragraph inline-placeholder vossi-paragraph\" data-uri=\"cms.cnn.com/_components/paragraph/instances/cm472cicl000a3b6m2alj8vd5@published\" data-editable=\"text\" data-component-name=\"paragraph\" data-article-gutter=\"true\" data-analytics-observe=\"on\" style=\"box-sizing: inherit; -webkit-font-smoothing: antialiased; text-rendering: optimizelegibility; color: var(--appr-color-text-primary); flex: 1 0 0px; line-height: var(--theme-paragraph__line-height); margin-bottom: var(--base-space-16); overflow-wrap: break-word; max-width: 676px; position: relative; left: calc(-543px + 50vw);\">“The stone-throwing started and the police joined in, firing tear gas. In the rush and scramble that followed, I saw people fall to the ground, girls and children trampled underfoot. It was horrible,” Amara Conde, who was at the stadium, told the news agency.</p><p class=\"paragraph inline-placeholder vossi-paragraph\" data-uri=\"cms.cnn.com/_components/paragraph/instances/cm4722wik00083b6m64j3b3ev@published\" data-editable=\"text\" data-component-name=\"paragraph\" data-article-gutter=\"true\" data-analytics-observe=\"on\" style=\"box-sizing: inherit; -webkit-font-smoothing: antialiased; text-rendering: optimizelegibility; color: var(--appr-color-text-primary); flex: 1 0 0px; line-height: var(--theme-paragraph__line-height); margin-bottom: var(--base-space-16); overflow-wrap: break-word; max-width: 676px; position: relative; left: calc(-543px + 50vw);\">Deposed former leader Alpha Conde criticized organizers for holding the match at a time when “the country is already marked by tensions and restrictions.”</p><p class=\"paragraph inline-placeholder vossi-paragraph\" data-uri=\"cms.cnn.com/_components/paragraph/instances/cm472l529000f3b6mkdz23h3m@published\" data-editable=\"text\" data-component-name=\"paragraph\" data-article-gutter=\"true\" data-analytics-observe=\"on\" style=\"box-sizing: inherit; -webkit-font-smoothing: antialiased; text-rendering: optimizelegibility; color: var(--appr-color-text-primary); flex: 1 0 0px; line-height: var(--theme-paragraph__line-height); margin-bottom: var(--base-space-16); overflow-wrap: break-word; max-width: 676px; position: relative; left: calc(-543px + 50vw);\">Conde, who was ousted by junta leader Mamady Doumbouya in a&nbsp;<a href=\"https://www.cnn.com/2021/09/05/africa/guinea-coup-intl/index.html\" style=\"box-sizing: inherit; -webkit-font-smoothing: antialiased; text-rendering: optimizelegibility; font-weight: var(--base-font-weight-regular); font-family: var(--theme-font-family-body); font-size: var(--appr-font-size-body-md); line-height: var(--appr-font-line-height-body-md); color: var(--theme-paragraph__link-color); letter-spacing: var(--base-font-letter-spacing-none); text-decoration-line: var(--theme-paragraph__link-decoration); text-underline-offset: var(--theme-paragraph__hover-link-offset);\">2021 coup</a>, added that “while severe restrictions are maintained on events and rallies, including sports-related ones, it is imperative that we examine how this event was planned and executed.”</p><p class=\"paragraph inline-placeholder vossi-paragraph\" data-uri=\"cms.cnn.com/_components/paragraph/instances/cm46icl5i000g3b6mwhj49r6v@published\" data-editable=\"text\" data-component-name=\"paragraph\" data-article-gutter=\"true\" data-analytics-observe=\"off\" style=\"box-sizing: inherit; -webkit-font-smoothing: antialiased; text-rendering: optimizelegibility; color: var(--appr-color-text-primary); flex: 1 0 0px; line-height: var(--theme-paragraph__line-height); margin-bottom: var(--base-space-16); overflow-wrap: break-word; max-width: 676px; position: relative; left: calc(-543px + 50vw);\">Local media outlet&nbsp;<a href=\"https://www.avenirguinee.org/urgent-declaration-du-fndc-sur-le-drame-a-nzerekore/\" target=\"_blank\" style=\"box-sizing: inherit; -webkit-font-smoothing: antialiased; text-rendering: optimizelegibility; font-weight: var(--base-font-weight-regular); font-family: var(--theme-font-family-body); font-size: var(--appr-font-size-body-md); line-height: var(--appr-font-line-height-body-md); color: var(--theme-paragraph__link-color); letter-spacing: var(--base-font-letter-spacing-none); text-decoration-line: var(--theme-paragraph__link-decoration); text-underline-offset: var(--theme-paragraph__hover-link-offset);\">Avenirguinee</a>&nbsp;reported that the match was part of a tournament organized by Guinea’s ruling military junta to support Doumbouya’s candidacy.</p><p class=\"paragraph inline-placeholder vossi-paragraph\" data-uri=\"cms.cnn.com/_components/paragraph/instances/cm46icl5i000h3b6mvctevzfb@published\" data-editable=\"text\" data-component-name=\"paragraph\" data-article-gutter=\"true\" data-analytics-observe=\"off\" style=\"box-sizing: inherit; -webkit-font-smoothing: antialiased; text-rendering: optimizelegibility; color: var(--appr-color-text-primary); flex: 1 0 0px; line-height: var(--theme-paragraph__line-height); margin-bottom: var(--base-space-16); overflow-wrap: break-word; max-width: 676px; position: relative; left: calc(-543px + 50vw);\">After seizing power, Doumbouya&nbsp;<a href=\"https://www.cnn.com/2021/10/01/africa/guinea-coup-leader-sworn-president-intl/index.html\" style=\"box-sizing: inherit; -webkit-font-smoothing: antialiased; text-rendering: optimizelegibility; font-weight: var(--base-font-weight-regular); font-family: var(--theme-font-family-body); font-size: var(--appr-font-size-body-md); line-height: var(--appr-font-line-height-body-md); color: var(--theme-paragraph__link-color); letter-spacing: var(--base-font-letter-spacing-none); text-decoration-line: var(--theme-paragraph__link-decoration); text-underline-offset: var(--theme-paragraph__hover-link-offset);\">installed himself as president,</a>&nbsp;and is eyeing a potential presidential run in elections expected to be held in 2025.</p><p class=\"paragraph inline-placeholder vossi-paragraph\" data-uri=\"cms.cnn.com/_components/paragraph/instances/cm46icl5i000i3b6mgkd3sf8i@published\" data-editable=\"text\" data-component-name=\"paragraph\" data-article-gutter=\"true\" data-analytics-observe=\"off\" style=\"box-sizing: inherit; -webkit-font-smoothing: antialiased; text-rendering: optimizelegibility; color: var(--appr-color-text-primary); flex: 1 0 0px; line-height: var(--theme-paragraph__line-height); margin-bottom: var(--base-space-16); overflow-wrap: break-word; max-width: 676px; position: relative; left: calc(-543px + 50vw);\">Doumbouya is one of several figures who have seized power in the volatile region since 2020.</p><p class=\"paragraph inline-placeholder vossi-paragraph\" data-uri=\"cms.cnn.com/_components/paragraph/instances/cm46icl5i000j3b6mxaawicnt@published\" data-editable=\"text\" data-component-name=\"paragraph\" data-article-gutter=\"true\" data-analytics-observe=\"off\" style=\"box-sizing: inherit; -webkit-font-smoothing: antialiased; text-rendering: optimizelegibility; color: var(--appr-color-text-primary); flex: 1 0 0px; line-height: var(--theme-paragraph__line-height); margin-bottom: var(--base-space-16); overflow-wrap: break-word; max-width: 676px; position: relative; left: calc(-543px + 50vw);\">West and Central Africa have seen at least eight successful coups since 2020, as political upheavals exacerbate concerns of a slide towards military rule in a resource-rich but poverty-stricken region.</p></div></div>', 11, 0, 1, 4564);
INSERT INTO `news` VALUES (3, 3, 'https://cdn.tuoitre.vn/zoom/456_285/471584752817336320/2024/12/10/z61149450792530704d4d3091988ec3fb20658733ca71c-17337959000931164362877.jpg', 'Chinese fishing vessel under control of suspected pirates off Somali coast, EU naval force says', '2024-12-23', 'The climate crisis and its global impact.', '<p><br></p><div class=\"image__lede article__lede-wrapper\" data-editable=\"lede\" data-freewheel-lede=\"true\" style=\"box-sizing: inherit; -webkit-font-smoothing: antialiased; text-rendering: optimizelegibility; border: none; margin: 0px; padding: 0px; z-index: 1; color: rgb(0, 0, 0); font-family: cnn_sans_display, helveticaneue, Helvetica, Arial, Utkal, sans-serif; font-size: medium;\"><div data-uri=\"cms.cnn.com/_components/image/instances/cm4cgvxv7000t3b6mv2s8gjgt@published\" class=\"image image__hide-placeholder image--eq-extra-small image--eq-small\" data-image-variation=\"image\" data-name=\"PLAnavy_reuters.jpg\" data-component-name=\"image\" data-observe-resizes=\"\" data-breakpoints=\"{&quot;image--eq-extra-small&quot;: 115, &quot;image--eq-small&quot;: 300}\" data-original-ratio=\"0.5626666666666666\" data-original-height=\"1688\" data-original-width=\"3000\" data-url=\"https://media.cnn.com/api/v1/images/stellar/prod/planavy-reuters.jpg?c=original\" data-editable=\"settings\" style=\"box-sizing: inherit; -webkit-font-smoothing: antialiased; text-rendering: optimizelegibility; border-bottom: 0px; margin: 0px 0px 32px; padding-bottom: 0px; width: 852.667px;\"><div class=\"image__container \" data-image-variation=\"image\" data-breakpoints=\"{&quot;image--eq-extra-small&quot;: 115, &quot;image--eq-small&quot;: 300, &quot;image--show-credits&quot;: 525}\" style=\"box-sizing: inherit; -webkit-font-smoothing: antialiased; text-rendering: optimizelegibility; display: flex; margin-bottom: auto;\"><source height=\"653\" width=\"1160\" media=\"(min-width: 480px)\" srcset=\"https://media.cnn.com/api/v1/images/stellar/prod/planavy-reuters.jpg?c=16x9&amp;q=h_653,w_1160,c_fill/f_webp\" type=\"image/webp\" style=\"box-sizing: inherit; -webkit-font-smoothing: antialiased; text-rendering: optimizelegibility;\"><source height=\"605\" width=\"1075\" media=\"(min-width: 960px)\" srcset=\"https://media.cnn.com/api/v1/images/stellar/prod/planavy-reuters.jpg?c=16x9&amp;q=h_605,w_1075,c_fill/f_webp\" type=\"image/webp\" style=\"box-sizing: inherit; -webkit-font-smoothing: antialiased; text-rendering: optimizelegibility;\"><source height=\"833\" width=\"1480\" media=\"(min-width: 1280px)\" srcset=\"https://media.cnn.com/api/v1/images/stellar/prod/planavy-reuters.jpg?c=16x9&amp;q=h_833,w_1480,c_fill/f_webp\" type=\"image/webp\" style=\"box-sizing: inherit; -webkit-font-smoothing: antialiased; text-rendering: optimizelegibility;\"><img src=\"https://media.cnn.com/api/v1/images/stellar/prod/planavy-reuters.jpg?c=16x9&amp;q=h_833,w_1480,c_fill\" alt=\"A Chinese People\'s Liberation Army Navy vessel transits the Gulf of Aden prior to conducting a bilateral counter-piracy exercise with the U.S. Navy in 2012.\" class=\"image__dam-img\" height=\"1688\" width=\"3000\" style=\"box-sizing: inherit; -webkit-font-smoothing: antialiased; text-rendering: optimizelegibility; width: 852.667px; object-fit: cover; height: 479.99px;\"></div><div class=\"image__metadata\" style=\"box-sizing: inherit; -webkit-font-smoothing: antialiased; text-rendering: optimizelegibility; max-width: 676px; margin: 8px auto 0px; border-bottom: 1px solid rgb(230, 230, 230); padding-bottom: 8px;\"><div itemprop=\"caption\" class=\"image__caption attribution\" style=\"box-sizing: inherit; -webkit-font-smoothing: antialiased; text-rendering: optimizelegibility; color: rgb(12, 12, 12); font-size: 14px; line-height: 20px; margin-top: 4px; order: 2; display: inline;\"><span data-editable=\"metaCaption\" class=\"inline-placeholder\" style=\"box-sizing: inherit; -webkit-font-smoothing: antialiased; text-rendering: optimizelegibility;\">A Chinese People\'s Liberation Army Navy vessel transits the Gulf of Aden prior to conducting a bilateral counter-piracy exercise with the U.S. Navy in 2012.</span>&nbsp;</div><figcaption class=\"image__credit\" style=\"box-sizing: inherit; -webkit-font-smoothing: antialiased; text-rendering: optimizelegibility; color: rgb(110, 110, 110); font-size: 14px; margin: 0px; text-align: right; order: 1; visibility: visible; padding: 4px 0px; line-height: 20px; display: inline;\">Mass Communication Specialist 2nd Class Aaron Chase/U.S. Navy/Reuters/File</figcaption></div></div></div><div class=\"article__content-container\" style=\"box-sizing: inherit; -webkit-font-smoothing: antialiased; text-rendering: optimizelegibility; color: rgb(0, 0, 0); font-family: cnn_sans_display, helveticaneue, Helvetica, Arial, Utkal, sans-serif; font-size: medium;\"><div class=\"article__content\" data-editable=\"content\" itemprop=\"articleBody\" data-reorderable=\"content\" style=\"box-sizing: inherit; -webkit-font-smoothing: antialiased; text-rendering: optimizelegibility; z-index: 1; margin-right: 0px;\"><div data-uri=\"cms.cnn.com/_components/source/instances/cm4cfysdr002f2bqcdcdn63q8@published\" data-component-name=\"source\" class=\"source inline-placeholder\" data-article-gutter=\"true\" style=\"box-sizing: inherit; -webkit-font-smoothing: antialiased; text-rendering: optimizelegibility; font-weight: 700; float: left; z-index: 1; max-width: 676px; position: relative; left: calc(-543px + 50vw);\"><cite class=\"source__cite\" style=\"box-sizing: inherit; -webkit-font-smoothing: antialiased; text-rendering: optimizelegibility; font-style: normal; line-height: var(--theme-paragraph__line-height--from-small); display: flex; flex-direction: row;\"><span class=\"source__location\" data-editable=\"location\" style=\"box-sizing: inherit; -webkit-font-smoothing: antialiased; text-rendering: optimizelegibility; display: inline-flex; margin-right: 6px;\">Hong Kong</span><span class=\"source__text\" data-editable=\"source\" style=\"box-sizing: inherit; -webkit-font-smoothing: antialiased; text-rendering: optimizelegibility; display: inline-flex;\">CNN</span>&nbsp;—&nbsp;</cite></div><p class=\"paragraph inline-placeholder vossi-paragraph\" data-uri=\"cms.cnn.com/_components/paragraph/instances/cm4cfysdr002g2bqcc8bwgelh@published\" data-editable=\"text\" data-component-name=\"paragraph\" data-article-gutter=\"true\" data-analytics-observe=\"on\" style=\"box-sizing: inherit; -webkit-font-smoothing: antialiased; text-rendering: optimizelegibility; color: var(--appr-color-text-primary); letter-spacing: var(--base-font-letter-spacing-none); flex: 1 0 0px; font-family: var(--theme-paragraph__font-family); font-size: var(--theme-paragraph__font-size); line-height: var(--theme-paragraph__line-height); margin-bottom: var(--base-space-16); overflow-wrap: break-word; max-width: 676px; position: relative; left: calc(-543px + 50vw);\">A&nbsp;<a href=\"https://www.cnn.com/world/china\" style=\"box-sizing: inherit; -webkit-font-smoothing: antialiased; text-rendering: optimizelegibility; font-weight: var(--base-font-weight-regular); font-family: var(--theme-font-family-body); font-size: var(--appr-font-size-body-md); line-height: var(--appr-font-line-height-body-md); color: var(--theme-paragraph__link-color); letter-spacing: var(--base-font-letter-spacing-none); text-decoration-line: var(--theme-paragraph__link-decoration); text-underline-offset: var(--theme-paragraph__hover-link-offset);\">Chinese</a>&nbsp;fishing vessel off the coast of Somalia has come under the control of alleged pirates, a European Union anti-piracy force operating in the area said Thursday.</p><p class=\"paragraph inline-placeholder vossi-paragraph\" data-uri=\"cms.cnn.com/_components/paragraph/instances/cm4cfzai700063b6mkeeszemz@published\" data-editable=\"text\" data-component-name=\"paragraph\" data-article-gutter=\"true\" data-analytics-observe=\"on\" style=\"box-sizing: inherit; -webkit-font-smoothing: antialiased; text-rendering: optimizelegibility; color: var(--appr-color-text-primary); letter-spacing: var(--base-font-letter-spacing-none); flex: 1 0 0px; font-family: var(--theme-paragraph__font-family); font-size: var(--theme-paragraph__font-size); line-height: var(--theme-paragraph__line-height); margin-bottom: var(--base-space-16); overflow-wrap: break-word; max-width: 676px; position: relative; left: calc(-543px + 50vw);\">The ship, with up to 18 crew members, had been taken over by the suspected pirates, some of whom were armed with AK-47s and machine guns, the European Union Naval Force Operation Atalanta said in a statement.</p><p class=\"paragraph inline-placeholder vossi-paragraph\" data-uri=\"cms.cnn.com/_components/paragraph/instances/cm4cfzai700073b6mm25hicld@published\" data-editable=\"text\" data-component-name=\"paragraph\" data-article-gutter=\"true\" data-analytics-observe=\"on\" style=\"box-sizing: inherit; -webkit-font-smoothing: antialiased; text-rendering: optimizelegibility; color: var(--appr-color-text-primary); letter-spacing: var(--base-font-letter-spacing-none); flex: 1 0 0px; font-family: var(--theme-paragraph__font-family); font-size: var(--theme-paragraph__font-size); line-height: var(--theme-paragraph__line-height); margin-bottom: var(--base-space-16); overflow-wrap: break-word; max-width: 676px; position: relative; left: calc(-543px + 50vw);\">It classified the incident as a robbery at sea and said none of the crew had been injured.</p><div data-uri=\"cms.cnn.com/_components/ad-slot-dynamic/instances/sharethrough@published\" class=\"ad-slot-dynamic ad-slot-dynamic--1\" data-placement=\"{&quot;mobile&quot;:{&quot;position&quot;:5},&quot;desktop&quot;:{&quot;position&quot;:3}}\" data-unselectable=\"true\" style=\"box-sizing: inherit; -webkit-font-smoothing: antialiased; text-rendering: optimizelegibility; display: flex; position: relative; justify-content: center; align-items: center; width: 852.667px; overflow: hidden;\"><div data-uri=\"cms.cnn.com/_components/ad-slot/instances/cnn-v1@published\" class=\"ad-slot\" data-path=\"end/ad-slot-dynamic[0]/items\" data-desktop-slot-id=\"ad_nat_btf_01\" data-mobile-slot-id=\"ad_nat_btf_01\" data-unselectable=\"true\" style=\"box-sizing: inherit; -webkit-font-smoothing: antialiased; text-rendering: optimizelegibility; text-align: center; width: 852.667px; height: auto; display: flex; min-height: 0px; animation: auto ease 0s 1 normal none running none; padding: 0px;\"><div class=\"ad-slot__feedback ad-feedback-link-container\" style=\"box-sizing: inherit; -webkit-font-smoothing: antialiased; text-rendering: optimizelegibility; visibility: hidden; display: flex; justify-content: space-between; padding: 0px 4px; max-width: 350px; margin-right: auto; width: 350px; margin-top: 0px; font-size: 12px; margin-left: auto; color: rgb(110, 110, 110); user-select: none;\"><div class=\"ad-slot__ad-label\" style=\"box-sizing: inherit; -webkit-font-smoothing: antialiased; text-rendering: optimizelegibility; cursor: default; margin-top: 4px;\"></div><div data-ad-type=\"DISPLAY\" data-ad-identifier=\"ad_nat_btf_01\" class=\"ad-feedback-link\" style=\"box-sizing: inherit; -webkit-font-smoothing: antialiased; text-rendering: optimizelegibility; margin-top: 4px; cursor: pointer; display: flex;\"><div class=\"ad-feedback-link__label\" style=\"box-sizing: inherit; -webkit-font-smoothing: antialiased; text-rendering: optimizelegibility;\"></div></div></div></div></div><p class=\"paragraph inline-placeholder vossi-paragraph\" data-uri=\"cms.cnn.com/_components/paragraph/instances/cm4cfzai700083b6mcyvmfscx@published\" data-editable=\"text\" data-component-name=\"paragraph\" data-article-gutter=\"true\" data-analytics-observe=\"on\" style=\"box-sizing: inherit; -webkit-font-smoothing: antialiased; text-rendering: optimizelegibility; color: var(--appr-color-text-primary); letter-spacing: var(--base-font-letter-spacing-none); flex: 1 0 0px; font-family: var(--theme-paragraph__font-family); font-size: var(--theme-paragraph__font-size); line-height: var(--theme-paragraph__line-height); margin-bottom: var(--base-space-16); overflow-wrap: break-word; max-width: 676px; position: relative; left: calc(-543px + 50vw);\">The force had responded to an alert from police in Somalia’s semi-autonomous northeastern Puntland region that a Chinese ship off the coast had allegedly been hijacked, its statement said.</p><p class=\"paragraph inline-placeholder vossi-paragraph\" data-uri=\"cms.cnn.com/_components/paragraph/instances/cm4cfzai700093b6myi5ynv02@published\" data-editable=\"text\" data-component-name=\"paragraph\" data-article-gutter=\"true\" data-analytics-observe=\"off\" style=\"box-sizing: inherit; -webkit-font-smoothing: antialiased; text-rendering: optimizelegibility; color: var(--appr-color-text-primary); letter-spacing: var(--base-font-letter-spacing-none); flex: 1 0 0px; font-family: var(--theme-paragraph__font-family); font-size: var(--theme-paragraph__font-size); line-height: var(--theme-paragraph__line-height); margin-bottom: var(--base-space-16); overflow-wrap: break-word; max-width: 676px; position: relative; left: calc(-543px + 50vw);\">China has yet to comment on the situation, which occurred in a key region for its overseas naval activities guarding the country’s expanded footprint and economic interests in Africa and the Middle East.</p><p class=\"paragraph inline-placeholder vossi-paragraph\" data-uri=\"cms.cnn.com/_components/paragraph/instances/cm4cfzai7000a3b6m8x9p2obk@published\" data-editable=\"text\" data-component-name=\"paragraph\" data-article-gutter=\"true\" data-analytics-observe=\"off\" style=\"box-sizing: inherit; -webkit-font-smoothing: antialiased; text-rendering: optimizelegibility; color: var(--appr-color-text-primary); letter-spacing: var(--base-font-letter-spacing-none); flex: 1 0 0px; font-family: var(--theme-paragraph__font-family); font-size: var(--theme-paragraph__font-size); line-height: var(--theme-paragraph__line-height); margin-bottom: var(--base-space-16); overflow-wrap: break-word; max-width: 676px; position: relative; left: calc(-543px + 50vw);\">The People’s Liberation Army Navy has since 2008 conducted anti-piracy operations around the Gulf of Aden along Somalia’s northern coast as one of a number of major powers seeking to secure shipping routes in the face of rampant piracy.</p><div data-uri=\"cms.cnn.com/_components/ad-slot-dynamic/instances/outstream@published\" class=\"ad-slot-dynamic ad-slot-dynamic--1\" data-placement=\"{&quot;mobile&quot;:{&quot;position&quot;:7},&quot;desktop&quot;:{&quot;position&quot;:6}}\" data-unselectable=\"true\" style=\"box-sizing: inherit; -webkit-font-smoothing: antialiased; text-rendering: optimizelegibility; display: flex; position: relative; justify-content: center; align-items: center; width: 852.667px; overflow: hidden;\"><div class=\"ad-slot-dynamic__close\" style=\"box-sizing: inherit; -webkit-font-smoothing: antialiased; text-rendering: optimizelegibility; position: absolute; right: 0px; top: 0px; width: 18px; height: 18px; opacity: 0.3; cursor: pointer;\"></div></div><p class=\"paragraph inline-placeholder vossi-paragraph\" data-uri=\"cms.cnn.com/_components/paragraph/instances/cm4cfzai7000b3b6mzj6nlftj@published\" data-editable=\"text\" data-component-name=\"paragraph\" data-article-gutter=\"true\" data-analytics-observe=\"off\" style=\"box-sizing: inherit; -webkit-font-smoothing: antialiased; text-rendering: optimizelegibility; color: var(--appr-color-text-primary); letter-spacing: var(--base-font-letter-spacing-none); flex: 1 0 0px; font-family: var(--theme-paragraph__font-family); font-size: var(--theme-paragraph__font-size); line-height: var(--theme-paragraph__line-height); margin-bottom: var(--base-space-16); overflow-wrap: break-word; max-width: 676px; position: relative; left: calc(-543px + 50vw);\">And since 2017 China has operated its only overseas military base in Djibouti, also on the Horn of Africa.</p><p class=\"paragraph inline-placeholder vossi-paragraph\" data-uri=\"cms.cnn.com/_components/paragraph/instances/cm4cfzai7000c3b6m3wbjvj9v@published\" data-editable=\"text\" data-component-name=\"paragraph\" data-article-gutter=\"true\" data-analytics-observe=\"off\" style=\"box-sizing: inherit; -webkit-font-smoothing: antialiased; text-rendering: optimizelegibility; color: var(--appr-color-text-primary); letter-spacing: var(--base-font-letter-spacing-none); flex: 1 0 0px; font-family: var(--theme-paragraph__font-family); font-size: var(--theme-paragraph__font-size); line-height: var(--theme-paragraph__line-height); margin-bottom: var(--base-space-16); overflow-wrap: break-word; max-width: 676px; position: relative; left: calc(-543px + 50vw);\">The latest incident comes amid a recent uptick in piracy in the area, which is close to key international shipping lanes through the Suez Canal and Red Sea.</p><p class=\"paragraph inline-placeholder vossi-paragraph\" data-uri=\"cms.cnn.com/_components/paragraph/instances/cm4cfzai7000d3b6mvchi8xic@published\" data-editable=\"text\" data-component-name=\"paragraph\" data-article-gutter=\"true\" data-analytics-observe=\"on\" style=\"box-sizing: inherit; -webkit-font-smoothing: antialiased; text-rendering: optimizelegibility; color: var(--appr-color-text-primary); flex: 1 0 0px; line-height: var(--theme-paragraph__line-height); margin-bottom: var(--base-space-16); overflow-wrap: break-word; max-width: 676px; position: relative; left: calc(-543px + 50vw);\">The slow resurgence follows&nbsp;<a href=\"https://www.cnn.com/2023/12/19/politics/houthi-red-sea-attacks/index.html\" style=\"box-sizing: inherit; -webkit-font-smoothing: antialiased; text-rendering: optimizelegibility; font-weight: var(--base-font-weight-regular); font-family: var(--theme-font-family-body); font-size: var(--appr-font-size-body-md); line-height: var(--appr-font-line-height-body-md); color: var(--theme-paragraph__link-color); letter-spacing: var(--base-font-letter-spacing-none); text-decoration-line: var(--theme-paragraph__link-decoration); text-underline-offset: var(--theme-paragraph__hover-link-offset);\">attacks by Houthi rebels on commercial shipping</a>&nbsp;in the Red Sea in retaliation for Israel’s war on Hamas in Gaza. The attacks, which began late last year and decreased in the spring, upended global trade – and diluted the attention of international naval forces in the region, observers say.</p><p class=\"paragraph inline-placeholder vossi-paragraph\" data-uri=\"cms.cnn.com/_components/paragraph/instances/cm4cfzai7000e3b6mtvdza619@published\" data-editable=\"text\" data-component-name=\"paragraph\" data-article-gutter=\"true\" data-analytics-observe=\"on\" style=\"box-sizing: inherit; -webkit-font-smoothing: antialiased; text-rendering: optimizelegibility; color: var(--appr-color-text-primary); flex: 1 0 0px; line-height: var(--theme-paragraph__line-height); margin-bottom: var(--base-space-16); overflow-wrap: break-word; max-width: 676px; position: relative; left: calc(-543px + 50vw);\">The EU’s Operation Atalanta recorded 19 attacks by suspected pirates so far this year – the highest number since 2012, according to data from the force, which operates in waters around the Horn of Africa and the Western Indian Ocean.</p><p class=\"paragraph inline-placeholder vossi-paragraph\" data-uri=\"cms.cnn.com/_components/paragraph/instances/cm4cfzai7000f3b6m4oh69605@published\" data-editable=\"text\" data-component-name=\"paragraph\" data-article-gutter=\"true\" data-analytics-observe=\"on\" style=\"box-sizing: inherit; -webkit-font-smoothing: antialiased; text-rendering: optimizelegibility; color: var(--appr-color-text-primary); flex: 1 0 0px; line-height: var(--theme-paragraph__line-height); margin-bottom: var(--base-space-16); overflow-wrap: break-word; max-width: 676px; position: relative; left: calc(-543px + 50vw);\">That’s still a far cry from the peak of 2011 when there were 212 attacks, the data shows.</p><p class=\"paragraph inline-placeholder vossi-paragraph\" data-uri=\"cms.cnn.com/_components/paragraph/instances/cm4cfzai7000g3b6mcm19zatp@published\" data-editable=\"text\" data-component-name=\"paragraph\" data-article-gutter=\"true\" data-analytics-observe=\"off\" style=\"box-sizing: inherit; -webkit-font-smoothing: antialiased; text-rendering: optimizelegibility; color: var(--appr-color-text-primary); flex: 1 0 0px; line-height: var(--theme-paragraph__line-height); margin-bottom: var(--base-space-16); overflow-wrap: break-word; max-width: 676px; position: relative; left: calc(-543px + 50vw);\">The earlier decline is widely attributed to coordinated and UN-backed international efforts, including from NATO, the EU and UN Security Council permanent members, which gained steam from 2008.</p><p class=\"paragraph inline-placeholder vossi-paragraph\" data-uri=\"cms.cnn.com/_components/paragraph/instances/cm4cfzai7000h3b6mhgt4i1b6@published\" data-editable=\"text\" data-component-name=\"paragraph\" data-article-gutter=\"true\" data-analytics-observe=\"off\" style=\"box-sizing: inherit; -webkit-font-smoothing: antialiased; text-rendering: optimizelegibility; color: var(--appr-color-text-primary); flex: 1 0 0px; line-height: var(--theme-paragraph__line-height); margin-bottom: var(--base-space-16); overflow-wrap: break-word; max-width: 676px; position: relative; left: calc(-543px + 50vw);\">The Chinese navy’s now-longstanding anti-piracy task force began conducting escort missions in the Gulf of Aden and the waters off Somalia in December 2008 after a spate of attacks on Chinese vessels.</p><p class=\"paragraph inline-placeholder vossi-paragraph\" data-uri=\"cms.cnn.com/_components/paragraph/instances/cm4cfzai7000i3b6mo8968tyx@published\" data-editable=\"text\" data-component-name=\"paragraph\" data-article-gutter=\"true\" data-analytics-observe=\"off\" style=\"box-sizing: inherit; -webkit-font-smoothing: antialiased; text-rendering: optimizelegibility; color: var(--appr-color-text-primary); flex: 1 0 0px; line-height: var(--theme-paragraph__line-height); margin-bottom: var(--base-space-16); overflow-wrap: break-word; max-width: 676px; position: relative; left: calc(-543px + 50vw);\">At the time, the start of that taskforce marked a step forward in China’s efforts to use its growing international clout and economic strength to address shared international issues.</p><p class=\"paragraph inline-placeholder vossi-paragraph\" data-uri=\"cms.cnn.com/_components/paragraph/instances/cm4cfzai7000j3b6mrqif73xk@published\" data-editable=\"text\" data-component-name=\"paragraph\" data-article-gutter=\"true\" data-analytics-observe=\"off\" style=\"box-sizing: inherit; -webkit-font-smoothing: antialiased; text-rendering: optimizelegibility; color: var(--appr-color-text-primary); flex: 1 0 0px; line-height: var(--theme-paragraph__line-height); margin-bottom: var(--base-space-16); overflow-wrap: break-word; max-width: 676px; position: relative; left: calc(-543px + 50vw);\">China’s navy has since run more than 40 escort missions of international and Chinese vessels in the region, but did not join a US-led multinational coalition to protect ships transiting the Red Sea against the Houthi attacks.</p><p class=\"paragraph inline-placeholder vossi-paragraph\" data-uri=\"cms.cnn.com/_components/paragraph/instances/cm4cfzai7000k3b6mcwvdftsb@published\" data-editable=\"text\" data-component-name=\"paragraph\" data-article-gutter=\"true\" data-analytics-observe=\"off\" style=\"box-sizing: inherit; -webkit-font-smoothing: antialiased; text-rendering: optimizelegibility; color: var(--appr-color-text-primary); flex: 1 0 0px; line-height: var(--theme-paragraph__line-height); margin-bottom: var(--base-space-16); overflow-wrap: break-word; max-width: 676px; position: relative; left: calc(-543px + 50vw);\">The EU’s Operation Atalanta said it was in “permanent contact” with Somali and Chinese authorities on the latest incident. CNN has reached out to China’s Foreign Ministry and Ministry of Defense for comment.</p></div></div>', 12, 1, 1, 1234);
INSERT INTO `news` VALUES (4, 4, 'https://cdn.tuoitre.vn/zoom/456_285/471584752817336320/2024/12/10/z61149450792530704d4d3091988ec3fb20658733ca71c-17337959000931164362877.jpg', 'China is probing Nvidia in a major escalation of its chip war with the US', '2024-12-24', 'A journey into the stars.', '<p><br></p><div class=\"image__lede article__lede-wrapper\" data-editable=\"lede\" data-freewheel-lede=\"true\" style=\"box-sizing: inherit; -webkit-font-smoothing: antialiased; text-rendering: optimizelegibility; border: none; margin: 0px; padding: 0px; z-index: 1; color: rgb(0, 0, 0); font-family: cnn_sans_display, helveticaneue, Helvetica, Arial, Utkal, sans-serif; font-size: medium;\"><div data-uri=\"cms.cnn.com/_components/image/instances/cm4gzxhrt006925p5a2yv5ock@published\" class=\"image image__hide-placeholder image--eq-extra-small image--eq-small\" data-image-variation=\"image\" data-name=\"GettyImages-1988609819.jpg\" data-component-name=\"image\" data-observe-resizes=\"\" data-breakpoints=\"{&quot;image--eq-extra-small&quot;: 115, &quot;image--eq-small&quot;: 300}\" data-original-ratio=\"0.6846666666666666\" data-original-height=\"2054\" data-original-width=\"3000\" data-url=\"https://media.cnn.com/api/v1/images/stellar/prod/gettyimages-1988609819.jpg?c=original\" data-editable=\"settings\" style=\"box-sizing: inherit; -webkit-font-smoothing: antialiased; text-rendering: optimizelegibility; border-bottom: 0px; margin: 0px 0px 32px; padding-bottom: 0px; width: 852.667px;\"><div class=\"image__container \" data-image-variation=\"image\" data-breakpoints=\"{&quot;image--eq-extra-small&quot;: 115, &quot;image--eq-small&quot;: 300, &quot;image--show-credits&quot;: 525}\" style=\"box-sizing: inherit; -webkit-font-smoothing: antialiased; text-rendering: optimizelegibility; display: flex; margin-bottom: auto;\"><source height=\"605\" width=\"1075\" media=\"(min-width: 960px)\" srcset=\"https://media.cnn.com/api/v1/images/stellar/prod/gettyimages-1988609819.jpg?c=16x9&amp;q=f_webp\" type=\"image/webp\" style=\"box-sizing: inherit; -webkit-font-smoothing: antialiased; text-rendering: optimizelegibility;\"><source height=\"653\" width=\"1160\" media=\"(min-width: 480px)\" srcset=\"https://media.cnn.com/api/v1/images/stellar/prod/gettyimages-1988609819.jpg?c=16x9&amp;q=f_webp\" type=\"image/webp\" style=\"box-sizing: inherit; -webkit-font-smoothing: antialiased; text-rendering: optimizelegibility;\"><img src=\"https://media.cnn.com/api/v1/images/stellar/prod/gettyimages-1988609819.jpg?c=16x9\" alt=\"Nvidia headquarters in Santa Clara, California.\" class=\"image__dam-img\" height=\"2054\" width=\"3000\" pinger-seen=\"true\" style=\"box-sizing: inherit; -webkit-font-smoothing: antialiased; text-rendering: optimizelegibility; width: 852.667px; object-fit: cover; height: 479.479px;\"></div><div class=\"image__metadata\" style=\"box-sizing: inherit; -webkit-font-smoothing: antialiased; text-rendering: optimizelegibility; max-width: 676px; margin: 8px auto 0px; border-bottom: 1px solid rgb(230, 230, 230); padding-bottom: 8px;\"><div itemprop=\"caption\" class=\"image__caption attribution\" style=\"box-sizing: inherit; -webkit-font-smoothing: antialiased; text-rendering: optimizelegibility; color: rgb(12, 12, 12); font-size: 14px; line-height: 20px; margin-top: 4px; order: 2; display: inline;\"><span data-editable=\"metaCaption\" class=\"inline-placeholder\" style=\"box-sizing: inherit; -webkit-font-smoothing: antialiased; text-rendering: optimizelegibility;\">Nvidia headquarters in Santa Clara, California.</span>&nbsp;</div><figcaption class=\"image__credit\" style=\"box-sizing: inherit; -webkit-font-smoothing: antialiased; text-rendering: optimizelegibility; color: rgb(110, 110, 110); font-size: 14px; margin: 0px; text-align: right; order: 1; visibility: visible; padding: 4px 0px; line-height: 20px; display: inline;\">Justin Sullivan/Getty Images</figcaption></div></div></div><div class=\"article__content-container\" style=\"box-sizing: inherit; -webkit-font-smoothing: antialiased; text-rendering: optimizelegibility; color: rgb(0, 0, 0); font-family: cnn_sans_display, helveticaneue, Helvetica, Arial, Utkal, sans-serif; font-size: medium;\"><div class=\"article__content\" data-editable=\"content\" itemprop=\"articleBody\" data-reorderable=\"content\" style=\"box-sizing: inherit; -webkit-font-smoothing: antialiased; text-rendering: optimizelegibility; z-index: 1; margin-right: 0px;\"><div data-uri=\"cms.cnn.com/_components/source/instances/cm4gzxhrs006625p57y7aezun@published\" data-component-name=\"source\" class=\"source inline-placeholder\" data-article-gutter=\"true\" style=\"box-sizing: inherit; -webkit-font-smoothing: antialiased; text-rendering: optimizelegibility; font-weight: 700; float: left; z-index: 1; max-width: 676px; position: relative; left: calc(-543px + 50vw);\"><cite class=\"source__cite\" style=\"box-sizing: inherit; -webkit-font-smoothing: antialiased; text-rendering: optimizelegibility; font-style: normal; line-height: var(--theme-paragraph__line-height--from-small); display: flex; flex-direction: row;\"><span class=\"source__location\" data-editable=\"location\" style=\"box-sizing: inherit; -webkit-font-smoothing: antialiased; text-rendering: optimizelegibility; display: inline-flex; margin-right: 0px;\"></span><span class=\"source__text\" data-editable=\"source\" style=\"box-sizing: inherit; -webkit-font-smoothing: antialiased; text-rendering: optimizelegibility; display: inline-flex;\">CNN</span>&nbsp;—&nbsp;</cite></div><p class=\"paragraph inline-placeholder vossi-paragraph\" data-uri=\"cms.cnn.com/_components/paragraph/instances/cm4gzxhrt006725p5591d5c46@published\" data-editable=\"text\" data-component-name=\"paragraph\" data-article-gutter=\"true\" data-analytics-observe=\"off\" style=\"box-sizing: inherit; -webkit-font-smoothing: antialiased; text-rendering: optimizelegibility; color: var(--appr-color-text-primary); letter-spacing: var(--base-font-letter-spacing-none); flex: 1 0 0px; font-family: var(--theme-paragraph__font-family); font-size: var(--theme-paragraph__font-size); line-height: var(--theme-paragraph__line-height); margin-bottom: var(--base-space-16); overflow-wrap: break-word; max-width: 676px; position: relative; left: calc(-543px + 50vw);\">China has opened an antitrust investigation into American chipmaker Nvidia, the world’s largest provider of processors that power artificial intelligence, according to Chinese state media.</p><p class=\"paragraph inline-placeholder vossi-paragraph\" data-uri=\"cms.cnn.com/_components/paragraph/instances/cm4h03fdv000a356muugtaggf@published\" data-editable=\"text\" data-component-name=\"paragraph\" data-article-gutter=\"true\" data-analytics-observe=\"off\" style=\"box-sizing: inherit; -webkit-font-smoothing: antialiased; text-rendering: optimizelegibility; color: var(--appr-color-text-primary); letter-spacing: var(--base-font-letter-spacing-none); flex: 1 0 0px; font-family: var(--theme-paragraph__font-family); font-size: var(--theme-paragraph__font-size); line-height: var(--theme-paragraph__line-height); margin-bottom: var(--base-space-16); overflow-wrap: break-word; max-width: 676px; position: relative; left: calc(-543px + 50vw);\">The probe serves as the latest escalation of a growing battle for AI dominance, which both the United States and China believe is crucial for national security.</p><p class=\"paragraph inline-placeholder vossi-paragraph\" data-uri=\"cms.cnn.com/_components/paragraph/instances/cm4gzxji10000356moxum4gfv@published\" data-editable=\"text\" data-component-name=\"paragraph\" data-article-gutter=\"true\" data-analytics-observe=\"off\" style=\"box-sizing: inherit; -webkit-font-smoothing: antialiased; text-rendering: optimizelegibility; color: var(--appr-color-text-primary); letter-spacing: var(--base-font-letter-spacing-none); flex: 1 0 0px; font-family: var(--theme-paragraph__font-family); font-size: var(--theme-paragraph__font-size); line-height: var(--theme-paragraph__line-height); margin-bottom: var(--base-space-16); overflow-wrap: break-word; max-width: 676px; position: relative; left: calc(-543px + 50vw);\"><a href=\"https://content-static.cctvnews.cctv.com/snow-book/index.html?item_id=6510218410825795776&amp;t=1733743942733&amp;toc_style_id=feeds_default&amp;track_id=CD2B9262-6EF1-43C2-AE0A-0DB6D3E10C99_755436823622&amp;share_to=copy_url\" target=\"_blank\" style=\"box-sizing: inherit; -webkit-font-smoothing: antialiased; text-rendering: optimizelegibility; font-weight: var(--base-font-weight-regular); font-family: var(--theme-font-family-body); font-size: var(--appr-font-size-body-md); line-height: var(--appr-font-line-height-body-md); color: var(--theme-paragraph__link-color); letter-spacing: var(--base-font-letter-spacing-none); text-decoration-line: var(--theme-paragraph__link-decoration); text-underline-offset: var(--theme-paragraph__hover-link-offset);\">China Central Television</a>&nbsp;in a report Monday said the Chinese government believes Nvidia’s purchase of Israeli networking company Mellanox could violate the country’s anti-monopoly laws, though the report did not specify what the merger did to potentially break the law.&nbsp;<a href=\"https://nvidianews.nvidia.com/news/nvidia-receives-approval-to-proceed-with-mellanox-acquisition-from-chinas-antitrust-authority\" target=\"_blank\" style=\"box-sizing: inherit; -webkit-font-smoothing: antialiased; text-rendering: optimizelegibility; font-weight: var(--base-font-weight-regular); font-family: var(--theme-font-family-body); font-size: var(--appr-font-size-body-md); line-height: var(--appr-font-line-height-body-md); color: var(--theme-paragraph__link-color); letter-spacing: var(--base-font-letter-spacing-none); text-decoration-line: var(--theme-paragraph__link-decoration); text-underline-offset: var(--theme-paragraph__hover-link-offset);\">China approved the acquisition</a>&nbsp;in 2020.</p><p class=\"paragraph inline-placeholder vossi-paragraph\" data-uri=\"cms.cnn.com/_components/paragraph/instances/cm4h0cja0000o356mipltm75u@published\" data-editable=\"text\" data-component-name=\"paragraph\" data-article-gutter=\"true\" data-analytics-observe=\"on\" style=\"box-sizing: inherit; -webkit-font-smoothing: antialiased; text-rendering: optimizelegibility; color: var(--appr-color-text-primary); flex: 1 0 0px; line-height: var(--theme-paragraph__line-height); margin-bottom: var(--base-space-16); overflow-wrap: break-word; max-width: 676px; position: relative; left: calc(-543px + 50vw);\">Nvidia (<a href=\"https://www.cnn.com/markets/stocks/NVDA\" style=\"box-sizing: inherit; -webkit-font-smoothing: antialiased; text-rendering: optimizelegibility; font-weight: var(--base-font-weight-regular); font-family: var(--theme-font-family-body); font-size: var(--appr-font-size-body-md); line-height: var(--appr-font-line-height-body-md); color: var(--theme-paragraph__link-color); letter-spacing: var(--base-font-letter-spacing-none); text-decoration-line: var(--theme-paragraph__link-decoration); text-underline-offset: var(--theme-paragraph__hover-link-offset);\">NVDA</a>) shares fell less than 2% in premarket trading Monday. The stock is among the hottest on the market, surging nearly 200% this year as the AI boom has fueled demand for the company’s chips. Its market value is more than $3 trillion, second only to Apple.</p><p class=\"paragraph inline-placeholder vossi-paragraph\" data-uri=\"cms.cnn.com/_components/paragraph/instances/cm4h0pahf000u356mqerf9ph3@published\" data-editable=\"text\" data-component-name=\"paragraph\" data-article-gutter=\"true\" data-analytics-observe=\"on\" style=\"box-sizing: inherit; -webkit-font-smoothing: antialiased; text-rendering: optimizelegibility; color: var(--appr-color-text-primary); flex: 1 0 0px; line-height: var(--theme-paragraph__line-height); margin-bottom: var(--base-space-16); overflow-wrap: break-word; max-width: 676px; position: relative; left: calc(-543px + 50vw);\">The tit-for-tat China-US chip war has entered a new phase this month, after the Biden administration imposed another round of restrictions on&nbsp;<a href=\"https://www.cnn.com/2024/12/08/tech/us-china-hbm-chips-hnk-intl/index.html\" style=\"box-sizing: inherit; -webkit-font-smoothing: antialiased; text-rendering: optimizelegibility; font-weight: var(--base-font-weight-regular); font-family: var(--theme-font-family-body); font-size: var(--appr-font-size-body-md); line-height: var(--appr-font-line-height-body-md); color: var(--theme-paragraph__link-color); letter-spacing: var(--base-font-letter-spacing-none); text-decoration-line: var(--theme-paragraph__link-decoration); text-underline-offset: var(--theme-paragraph__hover-link-offset);\">high tech memory chip sales</a>&nbsp;to China a week ago. The memory chips are different than the graphics processors Nvidia makes, but they are also crucial technology that helps power AI.</p><p class=\"paragraph inline-placeholder vossi-paragraph\" data-uri=\"cms.cnn.com/_components/paragraph/instances/cm4h0zwjc000x356mbzoyuxk8@published\" data-editable=\"text\" data-component-name=\"paragraph\" data-article-gutter=\"true\" data-analytics-observe=\"on\" style=\"box-sizing: inherit; -webkit-font-smoothing: antialiased; text-rendering: optimizelegibility; color: var(--appr-color-text-primary); flex: 1 0 0px; line-height: var(--theme-paragraph__line-height); margin-bottom: var(--base-space-16); overflow-wrap: break-word; max-width: 676px; position: relative; left: calc(-543px + 50vw);\">The administration’s new export controls are the third such round of chip sales restrictions to China. The United States fears that China could use AI to gain a military advantage, and US Commerce Department officials said they believed the restrictions would slow China’s development of AI chips — and industry experts believe the US government’s plan will work.</p><div data-uri=\"cms.cnn.com/_components/ad-slot-dynamic/instances/outstream@published\" class=\"ad-slot-dynamic ad-slot-dynamic--1\" data-placement=\"{&quot;mobile&quot;:{&quot;position&quot;:7},&quot;desktop&quot;:{&quot;position&quot;:6}}\" data-unselectable=\"true\" style=\"box-sizing: inherit; -webkit-font-smoothing: antialiased; text-rendering: optimizelegibility; display: flex; position: relative; justify-content: center; align-items: center; width: 852.667px; overflow: hidden;\"><div class=\"ad-slot-dynamic__close\" style=\"box-sizing: inherit; -webkit-font-smoothing: antialiased; text-rendering: optimizelegibility; position: absolute; right: 0px; top: 0px; width: 18px; height: 18px; opacity: 0.3; cursor: pointer;\"></div><div data-uri=\"cms.cnn.com/_components/ad-slot/instances/cnn-v1@published\" class=\"ad-slot\" data-path=\"end/ad-slot-dynamic[2]/items\" data-desktop-slot-id=\"ad_out_vid_01\" data-mobile-slot-id=\"ad_out_vid_01\" data-unselectable=\"true\" style=\"box-sizing: inherit; -webkit-font-smoothing: antialiased; text-rendering: optimizelegibility; text-align: center; width: 852.667px; height: auto; display: flex; min-height: 0px; animation: auto ease 0s 1 normal none running none; padding: 0px;\"><div class=\"ad-slot__feedback ad-feedback-link-container\" style=\"box-sizing: inherit; -webkit-font-smoothing: antialiased; text-rendering: optimizelegibility; visibility: hidden; display: flex; justify-content: space-between; padding: 0px 4px; max-width: 350px; margin-right: auto; width: 350px; margin-top: 0px; font-size: 12px; margin-left: auto; color: rgb(110, 110, 110); user-select: none;\"><div class=\"ad-slot__ad-label\" style=\"box-sizing: inherit; -webkit-font-smoothing: antialiased; text-rendering: optimizelegibility; cursor: default; margin-top: 4px;\"></div><div data-ad-type=\"DISPLAY\" data-ad-identifier=\"ad_out_vid_01\" class=\"ad-feedback-link\" style=\"box-sizing: inherit; -webkit-font-smoothing: antialiased; text-rendering: optimizelegibility; margin-top: 4px; cursor: pointer; display: flex;\"><div class=\"ad-feedback-link__label\" style=\"box-sizing: inherit; -webkit-font-smoothing: antialiased; text-rendering: optimizelegibility;\"></div></div></div></div></div><p class=\"paragraph inline-placeholder vossi-paragraph\" data-uri=\"cms.cnn.com/_components/paragraph/instances/cm4h172l90012356ma80c97b3@published\" data-editable=\"text\" data-component-name=\"paragraph\" data-article-gutter=\"true\" data-analytics-observe=\"on\" style=\"box-sizing: inherit; -webkit-font-smoothing: antialiased; text-rendering: optimizelegibility; color: var(--appr-color-text-primary); flex: 1 0 0px; line-height: var(--theme-paragraph__line-height); margin-bottom: var(--base-space-16); overflow-wrap: break-word; max-width: 676px; position: relative; left: calc(-543px + 50vw);\">But China’s Commerce Ministry lambasted the United States’ restrictions, saying they pose “a significant threat” to the stability of global supply chains. China’s government&nbsp;<a href=\"https://www.cnn.com/2024/12/02/tech/china-us-chips-new-restrictions-intl-hnk/index.html\" style=\"box-sizing: inherit; -webkit-font-smoothing: antialiased; text-rendering: optimizelegibility; font-weight: var(--base-font-weight-regular); font-family: var(--theme-font-family-body); font-size: var(--appr-font-size-body-md); line-height: var(--appr-font-line-height-body-md); color: var(--theme-paragraph__link-color); letter-spacing: var(--base-font-letter-spacing-none); text-decoration-line: var(--theme-paragraph__link-decoration); text-underline-offset: var(--theme-paragraph__hover-link-offset);\">retaliated last week</a>&nbsp;by banning the sale of materials essential for manufacturing the chips, including germanium and gallium.</p><p class=\"paragraph inline-placeholder vossi-paragraph\" data-uri=\"cms.cnn.com/_components/paragraph/instances/cm4h1phpc0018356mg3jaav74@published\" data-editable=\"text\" data-component-name=\"paragraph\" data-article-gutter=\"true\" data-analytics-observe=\"on\" style=\"box-sizing: inherit; -webkit-font-smoothing: antialiased; text-rendering: optimizelegibility; color: var(--appr-color-text-primary); flex: 1 0 0px; line-height: var(--theme-paragraph__line-height); margin-bottom: var(--base-space-16); overflow-wrap: break-word; max-width: 676px; position: relative; left: calc(-543px + 50vw);\">A year ago, China had curbed the sale of those materials but created loopholes that allowed for some sales to continue. Those have now been closed.</p><p class=\"paragraph inline-placeholder vossi-paragraph\" data-uri=\"cms.cnn.com/_components/paragraph/instances/cm4h23kkn001b356mspn6jcfs@published\" data-editable=\"text\" data-component-name=\"paragraph\" data-article-gutter=\"true\" data-analytics-observe=\"on\" style=\"box-sizing: inherit; -webkit-font-smoothing: antialiased; text-rendering: optimizelegibility; color: var(--appr-color-text-primary); flex: 1 0 0px; line-height: var(--theme-paragraph__line-height); margin-bottom: var(--base-space-16); overflow-wrap: break-word; max-width: 676px; position: relative; left: calc(-543px + 50vw);\">Senior US officials have also accused China of stealing American-made AI software, which Beijing denies.</p><p class=\"paragraph inline-placeholder vossi-paragraph\" data-uri=\"cms.cnn.com/_components/paragraph/instances/cm4h172l90013356m7sux1p6p@published\" data-editable=\"text\" data-component-name=\"paragraph\" data-article-gutter=\"true\" data-analytics-observe=\"off\" style=\"box-sizing: inherit; -webkit-font-smoothing: antialiased; text-rendering: optimizelegibility; color: var(--appr-color-text-primary); flex: 1 0 0px; line-height: var(--theme-paragraph__line-height); margin-bottom: var(--base-space-16); overflow-wrap: break-word; max-width: 676px; position: relative; left: calc(-543px + 50vw);\">The Nvidia investigation ups the ante. The company is the face of the AI tech revolution and hurting Nvidia could harm the American company’s ambitions to continue to power AI around the world.</p><p class=\"paragraph inline-placeholder vossi-paragraph\" data-uri=\"cms.cnn.com/_components/paragraph/instances/cm4h16ah30010356msg4tov7e@published\" data-editable=\"text\" data-component-name=\"paragraph\" data-article-gutter=\"true\" data-analytics-observe=\"off\" style=\"box-sizing: inherit; -webkit-font-smoothing: antialiased; text-rendering: optimizelegibility; color: var(--appr-color-text-primary); flex: 1 0 0px; line-height: var(--theme-paragraph__line-height); margin-bottom: var(--base-space-16); overflow-wrap: break-word; max-width: 676px; position: relative; left: calc(-543px + 50vw);\">Nvidia is also under antitrust scrutiny in the United States, according to&nbsp;<a href=\"https://www.bloomberg.com/news/articles/2024-09-03/nvidia-gets-doj-subpoena-in-escalating-antitrust-investigation\" target=\"_blank\" style=\"box-sizing: inherit; -webkit-font-smoothing: antialiased; text-rendering: optimizelegibility; font-weight: var(--base-font-weight-regular); font-family: var(--theme-font-family-body); font-size: var(--appr-font-size-body-md); line-height: var(--appr-font-line-height-body-md); color: var(--theme-paragraph__link-color); letter-spacing: var(--base-font-letter-spacing-none); text-decoration-line: var(--theme-paragraph__link-decoration); text-underline-offset: var(--theme-paragraph__hover-link-offset);\">Bloomberg</a>.</p><p class=\"paragraph inline-placeholder vossi-paragraph\" data-uri=\"cms.cnn.com/_components/paragraph/instances/cm4h25ctb001e356mqabxfnty@published\" data-editable=\"text\" data-component-name=\"paragraph\" data-article-gutter=\"true\" data-analytics-observe=\"off\" style=\"box-sizing: inherit; -webkit-font-smoothing: antialiased; text-rendering: optimizelegibility; color: var(--appr-color-text-primary); flex: 1 0 0px; line-height: var(--theme-paragraph__line-height); margin-bottom: var(--base-space-16); overflow-wrap: break-word; max-width: 676px; position: relative; left: calc(-543px + 50vw);\">In addition to curbing materials and chips sales, both China and the United States are trying to bolster their own development and manufacturing of microprocessors at home.</p><p class=\"paragraph inline-placeholder vossi-paragraph\" data-uri=\"cms.cnn.com/_components/paragraph/instances/cm4h27x3q001j356m9ze2rngu@published\" data-editable=\"text\" data-component-name=\"paragraph\" data-article-gutter=\"true\" data-analytics-observe=\"off\" style=\"box-sizing: inherit; -webkit-font-smoothing: antialiased; text-rendering: optimizelegibility; color: var(--appr-color-text-primary); flex: 1 0 0px; line-height: var(--theme-paragraph__line-height); margin-bottom: var(--base-space-16); overflow-wrap: break-word; max-width: 676px; position: relative; left: calc(-543px + 50vw);\">Through the CHIPS Act, the Biden administration has pumped billions of dollars into Intel and other companies to boost domestic production of chips and reduce America’s reliance on China and other foreign countries for the technology. Meanwhile, China in May announced plans to set up its largest-ever semiconductor state investment fund&nbsp;<a href=\"https://www.cnn.com/2024/05/27/tech/china-semiconductor-investment-fund-intl-hnk/index.html\" style=\"box-sizing: inherit; -webkit-font-smoothing: antialiased; text-rendering: optimizelegibility; font-weight: var(--base-font-weight-regular); font-family: var(--theme-font-family-body); font-size: var(--appr-font-size-body-md); line-height: var(--appr-font-line-height-body-md); color: var(--theme-paragraph__link-color); letter-spacing: var(--base-font-letter-spacing-none); text-decoration-line: var(--theme-paragraph__link-decoration); text-underline-offset: var(--theme-paragraph__hover-link-offset);\">worth $47.5 billion</a>, funded by investments from six of the country’s largest state-owned banks.</p><p class=\"paragraph inline-placeholder vossi-paragraph\" data-uri=\"cms.cnn.com/_components/paragraph/instances/cm4gzxhrt006825p5gpsbfixq@published\" data-editable=\"text\" data-component-name=\"paragraph\" data-article-gutter=\"true\" data-analytics-observe=\"off\" style=\"box-sizing: inherit; -webkit-font-smoothing: antialiased; text-rendering: optimizelegibility; color: var(--appr-color-text-primary); flex: 1 0 0px; line-height: var(--theme-paragraph__line-height); margin-bottom: var(--base-space-16); overflow-wrap: break-word; max-width: 676px; position: relative; left: calc(-543px + 50vw);\"><em style=\"box-sizing: inherit; -webkit-font-smoothing: antialiased; text-rendering: optimizelegibility;\">This story has been updated with additional developments and context.</em></p></div></div>', 13, 0, 1, 9741);
INSERT INTO `news` VALUES (5, 5, 'https://cdn.tuoitre.vn/zoom/456_285/471584752817336320/2024/12/10/z61149450792530704d4d3091988ec3fb20658733ca71c-17337959000931164362877.jpg', 'Considering moving out of the US in 2025? These are the best countries for American expats', '2024-12-09', 'Key health trends shaping the future.', '<p><br></p><div class=\"image__lede article__lede-wrapper\" data-editable=\"lede\" data-freewheel-lede=\"true\" style=\"box-sizing: inherit; font-size: medium; -webkit-font-smoothing: antialiased; text-rendering: optimizelegibility; border: none; margin: 0px; padding: 0px; z-index: 1; color: rgb(0, 0, 0); font-family: cnn_sans_display, helveticaneue, Helvetica, Arial, Utkal, sans-serif;\"><div data-uri=\"cms.cnn.com/_components/image/instances/cm4d12jh5000a3b6m1uo5ztos@published\" class=\"image image__hide-placeholder image--eq-extra-small image--eq-small\" data-image-variation=\"image\" data-name=\"GettyImages-1326910770.jpg\" data-component-name=\"image\" data-observe-resizes=\"\" data-breakpoints=\"{&quot;image--eq-extra-small&quot;: 115, &quot;image--eq-small&quot;: 300}\" data-original-ratio=\"0.6664864864864865\" data-original-height=\"1233\" data-original-width=\"1850\" data-url=\"https://media.cnn.com/api/v1/images/stellar/prod/gettyimages-1326910770.jpg?c=original\" data-editable=\"settings\" style=\"box-sizing: inherit; -webkit-font-smoothing: antialiased; text-rendering: optimizelegibility; border-bottom: 0px; margin: 0px 0px 32px; padding-bottom: 0px; width: 852.667px;\"><div class=\"image__container \" data-image-variation=\"image\" data-breakpoints=\"{&quot;image--eq-extra-small&quot;: 115, &quot;image--eq-small&quot;: 300, &quot;image--show-credits&quot;: 525}\" style=\"box-sizing: inherit; -webkit-font-smoothing: antialiased; text-rendering: optimizelegibility; display: flex; margin-bottom: auto;\"><source height=\"653\" width=\"1160\" media=\"(min-width: 480px)\" srcset=\"https://media.cnn.com/api/v1/images/stellar/prod/gettyimages-1326910770.jpg?c=16x9&amp;q=h_653,w_1160,c_fill/f_webp\" type=\"image/webp\" style=\"box-sizing: inherit; -webkit-font-smoothing: antialiased; text-rendering: optimizelegibility;\"><source height=\"605\" width=\"1075\" media=\"(min-width: 960px)\" srcset=\"https://media.cnn.com/api/v1/images/stellar/prod/gettyimages-1326910770.jpg?c=16x9&amp;q=h_605,w_1075,c_fill/f_webp\" type=\"image/webp\" style=\"box-sizing: inherit; -webkit-font-smoothing: antialiased; text-rendering: optimizelegibility;\"><source height=\"833\" width=\"1480\" media=\"(min-width: 1280px)\" srcset=\"https://media.cnn.com/api/v1/images/stellar/prod/gettyimages-1326910770.jpg?c=16x9&amp;q=h_833,w_1480,c_fill/f_webp\" type=\"image/webp\" style=\"box-sizing: inherit; -webkit-font-smoothing: antialiased; text-rendering: optimizelegibility;\"><img src=\"https://media.cnn.com/api/v1/images/stellar/prod/gettyimages-1326910770.jpg?c=16x9&amp;q=h_833,w_1480,c_fill\" alt=\"Italy is a popular destination for people hoping to move abroad. This is a scenic view of Positano on the Amalfi Coast. But would this spot make a good home?\" class=\"image__dam-img\" height=\"1233\" width=\"1850\" style=\"box-sizing: inherit; -webkit-font-smoothing: antialiased; text-rendering: optimizelegibility; width: 852.667px; object-fit: cover; height: 479.99px;\"></div><div class=\"image__metadata\" style=\"box-sizing: inherit; -webkit-font-smoothing: antialiased; text-rendering: optimizelegibility; max-width: 676px; margin: 8px auto 0px; border-bottom: 1px solid rgb(230, 230, 230); padding-bottom: 8px;\"><div itemprop=\"caption\" class=\"image__caption attribution\" style=\"box-sizing: inherit; -webkit-font-smoothing: antialiased; text-rendering: optimizelegibility; color: rgb(12, 12, 12); font-size: 14px; line-height: 20px; margin-top: 4px; order: 2; display: inline;\"><span data-editable=\"metaCaption\" class=\"inline-placeholder\" style=\"box-sizing: inherit; -webkit-font-smoothing: antialiased; text-rendering: optimizelegibility;\">Italy is a popular destination for people hoping to move abroad. This is a scenic view of Positano on the Amalfi Coast. But would this spot make a good home?</span>&nbsp;</div><figcaption class=\"image__credit\" style=\"box-sizing: inherit; display: inline; -webkit-font-smoothing: antialiased; text-rendering: optimizelegibility; color: rgb(110, 110, 110); font-size: 14px; margin: 0px; text-align: right; order: 1; visibility: visible; padding: 4px 0px; line-height: 20px;\">Antonel/iStockphoto/Getty Images</figcaption></div></div></div><div class=\"article__content-container\" style=\"box-sizing: inherit; font-size: medium; -webkit-font-smoothing: antialiased; text-rendering: optimizelegibility; color: rgb(0, 0, 0); font-family: cnn_sans_display, helveticaneue, Helvetica, Arial, Utkal, sans-serif;\"><div class=\"article__content\" data-editable=\"content\" itemprop=\"articleBody\" data-reorderable=\"content\" style=\"box-sizing: inherit; -webkit-font-smoothing: antialiased; text-rendering: optimizelegibility; z-index: 1; margin-right: 0px;\"><p data-uri=\"cms.cnn.com/_components/editor-note/instances/cm4d1d6uy000l3b6mw05qj1ep@published\" data-editable=\"text\" data-component-name=\"editor-note\" class=\"editor-note vossi-editor-note inline-placeholder \" data-article-gutter=\"true\" style=\"box-sizing: inherit; margin-bottom: var(--base-space-16); -webkit-font-smoothing: antialiased; text-rendering: optimizelegibility; font-family: var(--theme-font-family-body); font-size: var(--appr-font-size-body-md); line-height: var(--appr-font-line-height-body-md); letter-spacing: var(--base-font-letter-spacing-none); color: var(--appr-color-text-tertiary); overflow-wrap: break-word; max-width: 676px; position: relative; left: calc(-543px + 50vw);\"><em style=\"box-sizing: inherit; -webkit-font-smoothing: antialiased; text-rendering: optimizelegibility;\">Editor’s note: Sign up for&nbsp;</em><a href=\"https://www.cnn.com/newsletters/travel?source=nl-acq_article\" style=\"box-sizing: inherit; color: var(--appr-color-text-link-secondary-default); text-decoration-line: var(--base-font-text-decoration-underline); -webkit-font-smoothing: antialiased; text-rendering: optimizelegibility; font-weight: var(--base-font-weight-regular); font-family: var(--theme-font-family-body); font-size: var(--appr-font-size-body-md); line-height: var(--appr-font-line-height-body-md); letter-spacing: var(--base-font-letter-spacing-none); text-underline-offset: var(--base-space-04);\"><em style=\"box-sizing: inherit; -webkit-font-smoothing: antialiased; text-rendering: optimizelegibility;\">Unlocking the World, CNN Travel’s weekly newsletter</em></a><em style=\"box-sizing: inherit; -webkit-font-smoothing: antialiased; text-rendering: optimizelegibility;\">. Get news about destinations, plus the latest in aviation, food and drink, and where to stay.</em></p><div data-uri=\"cms.cnn.com/_components/source/instances/cm4d0y1bs002j26pb0jn28osv@published\" data-component-name=\"source\" class=\"source inline-placeholder\" data-article-gutter=\"true\" style=\"box-sizing: inherit; -webkit-font-smoothing: antialiased; text-rendering: optimizelegibility; font-weight: 700; float: left; z-index: 1; max-width: 676px; position: relative; left: calc(-543px + 50vw);\"><cite class=\"source__cite\" style=\"box-sizing: inherit; -webkit-font-smoothing: antialiased; text-rendering: optimizelegibility; font-style: normal; line-height: var(--theme-paragraph__line-height--from-small); display: flex; flex-direction: row;\"><span class=\"source__location\" data-editable=\"location\" style=\"box-sizing: inherit; -webkit-font-smoothing: antialiased; text-rendering: optimizelegibility; display: inline-flex; margin-right: 0px;\"></span><span class=\"source__text\" data-editable=\"source\" style=\"box-sizing: inherit; -webkit-font-smoothing: antialiased; text-rendering: optimizelegibility; display: inline-flex;\">CNN</span>&nbsp;—&nbsp;</cite></div><p class=\"paragraph inline-placeholder vossi-paragraph\" data-uri=\"cms.cnn.com/_components/paragraph/instances/cm4d0y1bs002k26pbgh02gbhq@published\" data-editable=\"text\" data-component-name=\"paragraph\" data-article-gutter=\"true\" data-analytics-observe=\"on\" style=\"box-sizing: inherit; margin-bottom: var(--base-space-16); -webkit-font-smoothing: antialiased; text-rendering: optimizelegibility; color: var(--appr-color-text-primary); letter-spacing: var(--base-font-letter-spacing-none); flex: 1 0 0px; font-family: var(--theme-paragraph__font-family); font-size: var(--theme-paragraph__font-size); line-height: var(--theme-paragraph__line-height); overflow-wrap: break-word; max-width: 676px; position: relative; left: calc(-543px + 50vw);\">Since the US presidential election, there’s been a&nbsp;<a href=\"https://cnn.com/travel/americans-moving-abroad-after-election/index.html\" style=\"box-sizing: inherit; color: var(--theme-paragraph__link-color); text-decoration-line: var(--theme-paragraph__link-decoration); -webkit-font-smoothing: antialiased; text-rendering: optimizelegibility; font-weight: var(--base-font-weight-regular); font-family: var(--theme-font-family-body); font-size: var(--appr-font-size-body-md); line-height: var(--appr-font-line-height-body-md); letter-spacing: var(--base-font-letter-spacing-none); text-underline-offset: var(--theme-paragraph__hover-link-offset);\">spike</a>&nbsp;in Americans’ interest in moving abroad.</p><p class=\"paragraph inline-placeholder vossi-paragraph\" data-uri=\"cms.cnn.com/_components/paragraph/instances/cm4d1r3dj00013b6mf499kdez@published\" data-editable=\"text\" data-component-name=\"paragraph\" data-article-gutter=\"true\" data-analytics-observe=\"on\" style=\"box-sizing: inherit; margin-bottom: var(--base-space-16); -webkit-font-smoothing: antialiased; text-rendering: optimizelegibility; color: var(--appr-color-text-primary); letter-spacing: var(--base-font-letter-spacing-none); flex: 1 0 0px; font-family: var(--theme-paragraph__font-family); font-size: var(--theme-paragraph__font-size); line-height: var(--theme-paragraph__line-height); overflow-wrap: break-word; max-width: 676px; position: relative; left: calc(-543px + 50vw);\">“It’s been such a gut reaction of, ‘I want to move, but I don’t know where, and I don’t know how,’ ” says Arielle Tucker, a&nbsp;<a href=\"http://www.connectedfinancialplanning.com/\" target=\"_blank\" style=\"box-sizing: inherit; color: var(--theme-paragraph__link-color); text-decoration-line: var(--theme-paragraph__link-decoration); -webkit-font-smoothing: antialiased; text-rendering: optimizelegibility; font-weight: var(--base-font-weight-regular); font-family: var(--theme-font-family-body); font-size: var(--appr-font-size-body-md); line-height: var(--appr-font-line-height-body-md); letter-spacing: var(--base-font-letter-spacing-none); text-underline-offset: var(--theme-paragraph__hover-link-offset);\">Switzerland-based certified financial planner</a>&nbsp;who specializes in assisting US citizens in moving abroad and says her business has seen a massive uptick in inquiries.</p><div data-uri=\"cms.cnn.com/_components/ad-slot-dynamic/instances/sharethrough-travel-style@published\" class=\"ad-slot-dynamic ad-slot-dynamic--3\" data-placement=\"{&quot;mobile&quot;:{&quot;position&quot;:4},&quot;desktop&quot;:{&quot;position&quot;:2}}\" data-unselectable=\"true\" style=\"box-sizing: inherit; -webkit-font-smoothing: antialiased; text-rendering: optimizelegibility; display: flex; position: relative; justify-content: center; align-items: center; width: 852.667px; overflow: hidden;\"><div data-uri=\"cms.cnn.com/_components/ad-slot/instances/cnn-v1@published\" class=\"ad-slot\" data-path=\"end/ad-slot-dynamic[0]/items\" data-desktop-slot-id=\"ad_nat_btf_01\" data-mobile-slot-id=\"ad_nat_btf_01\" data-unselectable=\"true\" style=\"box-sizing: inherit; -webkit-font-smoothing: antialiased; text-rendering: optimizelegibility; text-align: center; width: 852.667px; height: auto; display: flex; min-height: 0px; animation: auto ease 0s 1 normal none running none; padding: 0px;\"><div class=\"ad-slot__feedback ad-feedback-link-container\" style=\"box-sizing: inherit; -webkit-font-smoothing: antialiased; text-rendering: optimizelegibility; visibility: hidden; display: flex; justify-content: space-between; padding: 0px 4px; max-width: 350px; margin-right: auto; width: 350px; margin-top: 0px; font-size: 12px; margin-left: auto; color: rgb(110, 110, 110); user-select: none;\"><div class=\"ad-slot__ad-label\" style=\"box-sizing: inherit; -webkit-font-smoothing: antialiased; text-rendering: optimizelegibility; cursor: default; margin-top: 4px;\"></div><div data-ad-type=\"DISPLAY\" data-ad-identifier=\"ad_nat_btf_01\" class=\"ad-feedback-link\" style=\"box-sizing: inherit; -webkit-font-smoothing: antialiased; text-rendering: optimizelegibility; margin-top: 4px; cursor: pointer; display: flex;\"><div class=\"ad-feedback-link__label\" style=\"box-sizing: inherit; -webkit-font-smoothing: antialiased; text-rendering: optimizelegibility;\"></div></div></div></div></div><p class=\"paragraph inline-placeholder vossi-paragraph\" data-uri=\"cms.cnn.com/_components/paragraph/instances/cm4d1r3dj00023b6m1qyy8dmy@published\" data-editable=\"text\" data-component-name=\"paragraph\" data-article-gutter=\"true\" data-analytics-observe=\"on\" style=\"box-sizing: inherit; margin-bottom: var(--base-space-16); -webkit-font-smoothing: antialiased; text-rendering: optimizelegibility; color: var(--appr-color-text-primary); letter-spacing: var(--base-font-letter-spacing-none); flex: 1 0 0px; font-family: var(--theme-paragraph__font-family); font-size: var(--theme-paragraph__font-size); line-height: var(--theme-paragraph__line-height); overflow-wrap: break-word; max-width: 676px; position: relative; left: calc(-543px + 50vw);\">Tucker tells CNN Travel, “I think it’s important to always take a step back here and really think about, ‘Well, what countries can I actually move to as an American?’ The harder issue is, if you really want to make that permanent relocation, then you really need to think about, ‘What visa types can I actually get?’ ”</p><p class=\"paragraph inline-placeholder vossi-paragraph\" data-uri=\"cms.cnn.com/_components/paragraph/instances/cm4d1r3dj00033b6m6481pdp9@published\" data-editable=\"text\" data-component-name=\"paragraph\" data-article-gutter=\"true\" data-analytics-observe=\"on\" style=\"box-sizing: inherit; margin-bottom: var(--base-space-16); -webkit-font-smoothing: antialiased; text-rendering: optimizelegibility; color: var(--appr-color-text-primary); letter-spacing: var(--base-font-letter-spacing-none); flex: 1 0 0px; font-family: var(--theme-paragraph__font-family); font-size: var(--theme-paragraph__font-size); line-height: var(--theme-paragraph__line-height); overflow-wrap: break-word; max-width: 676px; position: relative; left: calc(-543px + 50vw);\">According to Google Trends, searches related to phrases such as&nbsp;<a href=\"https://trends.google.com/trends/explore?date=all&amp;geo=US&amp;q=leaving%20the%20country&amp;hl=en-GB\" target=\"_blank\" style=\"box-sizing: inherit; color: var(--theme-paragraph__link-color); text-decoration-line: var(--theme-paragraph__link-decoration); -webkit-font-smoothing: antialiased; text-rendering: optimizelegibility; font-weight: var(--base-font-weight-regular); font-family: var(--theme-font-family-body); font-size: var(--appr-font-size-body-md); line-height: var(--appr-font-line-height-body-md); letter-spacing: var(--base-font-letter-spacing-none); text-underline-offset: var(--theme-paragraph__hover-link-offset);\">“leaving the country”</a>&nbsp;and “how to move to Canada” skyrocketed in November 2024, following the news that Donald Trump would be returning to the White House. It’s been even more than the exponential rise in similar searches after he won the 2016 election. (Back then,&nbsp;<a href=\"https://www.npr.org/sections/thetwo-way/2016/11/09/501352852/canadas-immigration-website-has-been-down-for-hours\" target=\"_blank\" style=\"box-sizing: inherit; color: var(--theme-paragraph__link-color); text-decoration-line: var(--theme-paragraph__link-decoration); -webkit-font-smoothing: antialiased; text-rendering: optimizelegibility; font-weight: var(--base-font-weight-regular); font-family: var(--theme-font-family-body); font-size: var(--appr-font-size-body-md); line-height: var(--appr-font-line-height-body-md); letter-spacing: var(--base-font-letter-spacing-none); text-underline-offset: var(--theme-paragraph__hover-link-offset);\">Canada’s immigration website crashed</a>.)</p><p class=\"paragraph inline-placeholder vossi-paragraph\" data-uri=\"cms.cnn.com/_components/paragraph/instances/cm4d1r3dj00043b6mprd711rz@published\" data-editable=\"text\" data-component-name=\"paragraph\" data-article-gutter=\"true\" data-analytics-observe=\"on\" style=\"box-sizing: inherit; margin-bottom: var(--base-space-16); -webkit-font-smoothing: antialiased; text-rendering: optimizelegibility; color: var(--appr-color-text-primary); letter-spacing: var(--base-font-letter-spacing-none); flex: 1 0 0px; font-family: var(--theme-paragraph__font-family); font-size: var(--theme-paragraph__font-size); line-height: var(--theme-paragraph__line-height); overflow-wrap: break-word; max-width: 676px; position: relative; left: calc(-543px + 50vw);\">Whether or not a move abroad is politically motivated, the increase of remote work, new visa programs and tax incentives that attract digital nomads, investors, retirees and families have as of late provided additional options for people considering an international move.</p><p class=\"paragraph inline-placeholder vossi-paragraph\" data-uri=\"cms.cnn.com/_components/paragraph/instances/cm4d1r3dj00053b6m8lye77me@published\" data-editable=\"text\" data-component-name=\"paragraph\" data-article-gutter=\"true\" data-analytics-observe=\"off\" style=\"box-sizing: inherit; margin-bottom: var(--base-space-16); -webkit-font-smoothing: antialiased; text-rendering: optimizelegibility; color: var(--appr-color-text-primary); letter-spacing: var(--base-font-letter-spacing-none); flex: 1 0 0px; font-family: var(--theme-paragraph__font-family); font-size: var(--theme-paragraph__font-size); line-height: var(--theme-paragraph__line-height); overflow-wrap: break-word; max-width: 676px; position: relative; left: calc(-543px + 50vw);\">Of course, the ability to move abroad is a privilege that extends only to people lucky enough to be in possession of the right passport, with doors remaining closed to many nationalities.</p><div data-uri=\"cms.cnn.com/_components/ad-slot-dynamic/instances/outstream@published\" class=\"ad-slot-dynamic ad-slot-dynamic--1\" data-placement=\"{&quot;mobile&quot;:{&quot;position&quot;:7},&quot;desktop&quot;:{&quot;position&quot;:6}}\" data-unselectable=\"true\" style=\"box-sizing: inherit; -webkit-font-smoothing: antialiased; text-rendering: optimizelegibility; display: flex; position: relative; justify-content: center; align-items: center; width: 852.667px; overflow: hidden;\"><div class=\"ad-slot-dynamic__close\" style=\"box-sizing: inherit; -webkit-font-smoothing: antialiased; text-rendering: optimizelegibility; position: absolute; right: 0px; top: 0px; width: 18px; height: 18px; opacity: 0.3; cursor: pointer;\"></div></div><p class=\"paragraph inline-placeholder vossi-paragraph\" data-uri=\"cms.cnn.com/_components/paragraph/instances/cm4d7bp5n00013b6mwow1vx5e@published\" data-editable=\"text\" data-component-name=\"paragraph\" data-article-gutter=\"true\" data-analytics-observe=\"off\" style=\"box-sizing: inherit; margin-bottom: var(--base-space-16); -webkit-font-smoothing: antialiased; text-rendering: optimizelegibility; color: var(--appr-color-text-primary); letter-spacing: var(--base-font-letter-spacing-none); flex: 1 0 0px; font-family: var(--theme-paragraph__font-family); font-size: var(--theme-paragraph__font-size); line-height: var(--theme-paragraph__line-height); overflow-wrap: break-word; max-width: 676px; position: relative; left: calc(-543px + 50vw);\">Recently, headlines have swirled around the news of several US celebrities moving out of the United States, including Richard Gere, who has publicly discussed his upcoming move to Spain, where his wife is from, and Ellen DeGeneres and her wife, Portia de Rossi, who have reportedly&nbsp;<a href=\"https://people.com/ellen-degeneres-moved-to-england-after-finding-a-house-she-loved-in-the-countryside-source-8749380\" target=\"_blank\" rel=\"noopener noreferrer\" style=\"box-sizing: inherit; color: var(--theme-paragraph__link-color); text-decoration-line: var(--theme-paragraph__link-decoration); -webkit-font-smoothing: antialiased; text-rendering: optimizelegibility; font-weight: var(--base-font-weight-regular); font-family: var(--theme-font-family-body); font-size: var(--appr-font-size-body-md); line-height: var(--appr-font-line-height-body-md); letter-spacing: var(--base-font-letter-spacing-none); text-underline-offset: var(--theme-paragraph__hover-link-offset);\">moved to England’s Cotswolds region</a>.</p><p class=\"paragraph inline-placeholder vossi-paragraph\" data-uri=\"cms.cnn.com/_components/paragraph/instances/cm4d1r3dj00063b6m89c7twq1@published\" data-editable=\"text\" data-component-name=\"paragraph\" data-article-gutter=\"true\" data-analytics-observe=\"off\" style=\"box-sizing: inherit; margin-bottom: var(--base-space-16); -webkit-font-smoothing: antialiased; text-rendering: optimizelegibility; color: var(--appr-color-text-primary); letter-spacing: var(--base-font-letter-spacing-none); flex: 1 0 0px; font-family: var(--theme-paragraph__font-family); font-size: var(--theme-paragraph__font-size); line-height: var(--theme-paragraph__line-height); overflow-wrap: break-word; max-width: 676px; position: relative; left: calc(-543px + 50vw);\">For those who have the option, choosing which country to make your new home is a major decision that requires extensive research and planning. Beyond the “I could live here!” daydreaming that might bubble up during vacation, moving abroad means a deep dive into tax implications, work visas, health care and quality-of-life comparisons, just to name a few.</p><p class=\"paragraph inline-placeholder vossi-paragraph\" data-uri=\"cms.cnn.com/_components/paragraph/instances/cm4d1r3dj00073b6mxlx7379k@published\" data-editable=\"text\" data-component-name=\"paragraph\" data-article-gutter=\"true\" data-analytics-observe=\"on\" style=\"box-sizing: inherit; margin-bottom: var(--base-space-16); -webkit-font-smoothing: antialiased; text-rendering: optimizelegibility; color: var(--appr-color-text-primary); flex: 1 0 0px; line-height: var(--theme-paragraph__line-height); overflow-wrap: break-word; max-width: 676px; position: relative; left: calc(-543px + 50vw);\">One helpful resource is the annual&nbsp;<a href=\"https://www.internations.org/expat-insider/2024/\" target=\"_blank\" style=\"box-sizing: inherit; color: var(--theme-paragraph__link-color); text-decoration-line: var(--theme-paragraph__link-decoration); -webkit-font-smoothing: antialiased; text-rendering: optimizelegibility; font-weight: var(--base-font-weight-regular); font-family: var(--theme-font-family-body); font-size: var(--appr-font-size-body-md); line-height: var(--appr-font-line-height-body-md); letter-spacing: var(--base-font-letter-spacing-none); text-underline-offset: var(--theme-paragraph__hover-link-offset);\">Expat Insider survey</a>&nbsp;by InterNations, an expat community with more than 5.4 million members. The survey, which has been running for more than a decade, reflects input from more than 12,500 expats representing 175 nationalities in 174 countries or territories. It conveys their satisfaction level with various aspects of expat life on the basis of factors such as quality of life, ease of settling in, working abroad, personal finance, housing and language.</p><p class=\"paragraph inline-placeholder vossi-paragraph\" data-uri=\"cms.cnn.com/_components/paragraph/instances/cm4d1r3dj00083b6mxlgk61m3@published\" data-editable=\"text\" data-component-name=\"paragraph\" data-article-gutter=\"true\" data-analytics-observe=\"on\" style=\"box-sizing: inherit; margin-bottom: var(--base-space-16); -webkit-font-smoothing: antialiased; text-rendering: optimizelegibility; color: var(--appr-color-text-primary); flex: 1 0 0px; line-height: var(--theme-paragraph__line-height); overflow-wrap: break-word; max-width: 676px; position: relative; left: calc(-543px + 50vw);\">In addition, retirees can take advantage of resources including&nbsp;<a href=\"https://www.liveandinvestoverseas.com/\" target=\"_blank\" style=\"box-sizing: inherit; color: var(--theme-paragraph__link-color); text-decoration-line: var(--theme-paragraph__link-decoration); -webkit-font-smoothing: antialiased; text-rendering: optimizelegibility; font-weight: var(--base-font-weight-regular); font-family: var(--theme-font-family-body); font-size: var(--appr-font-size-body-md); line-height: var(--appr-font-line-height-body-md); letter-spacing: var(--base-font-letter-spacing-none); text-underline-offset: var(--theme-paragraph__hover-link-offset);\">Live and Invest Overseas</a>, whose annual index ranks its top 10 overseas retirement destinations. Its 2024 index saw Valencia, Spain, top the list, followed by Braga, Portugal, and Mazatlán, Mexico.</p><p class=\"paragraph inline-placeholder vossi-paragraph\" data-uri=\"cms.cnn.com/_components/paragraph/instances/cm4d1r3dj00093b6m22gzvt8e@published\" data-editable=\"text\" data-component-name=\"paragraph\" data-article-gutter=\"true\" data-analytics-observe=\"on\" style=\"box-sizing: inherit; margin-bottom: var(--base-space-16); -webkit-font-smoothing: antialiased; text-rendering: optimizelegibility; color: var(--appr-color-text-primary); flex: 1 0 0px; line-height: var(--theme-paragraph__line-height); overflow-wrap: break-word; max-width: 676px; position: relative; left: calc(-543px + 50vw);\">It’s also important to consider the impact of your move on a new host country, especially in destinations that are seeing big upticks in immigration from the United States and other wealthy nations, says&nbsp;<a href=\"https://www.meganfrye.com/\" target=\"_blank\" style=\"box-sizing: inherit; color: var(--theme-paragraph__link-color); text-decoration-line: var(--theme-paragraph__link-decoration); -webkit-font-smoothing: antialiased; text-rendering: optimizelegibility; font-weight: var(--base-font-weight-regular); font-family: var(--theme-font-family-body); font-size: var(--appr-font-size-body-md); line-height: var(--appr-font-line-height-body-md); letter-spacing: var(--base-font-letter-spacing-none); text-underline-offset: var(--theme-paragraph__hover-link-offset);\">Megan Frye</a>, a relocation consultant and writer who has lived in Mexico City for the past nine years.</p><p class=\"paragraph inline-placeholder vossi-paragraph\" data-uri=\"cms.cnn.com/_components/paragraph/instances/cm4d1r3dj000a3b6mvpbesy9x@published\" data-editable=\"text\" data-component-name=\"paragraph\" data-article-gutter=\"true\" data-analytics-observe=\"on\" style=\"box-sizing: inherit; margin-bottom: var(--base-space-16); -webkit-font-smoothing: antialiased; text-rendering: optimizelegibility; color: var(--appr-color-text-primary); flex: 1 0 0px; line-height: var(--theme-paragraph__line-height); overflow-wrap: break-word; max-width: 676px; position: relative; left: calc(-543px + 50vw);\">Frye advises clients considering a move from the United States to Mexico — which has ranked among the top five countries in InterNations’ annual survey since 2014 — to be aware of the inequities in migration policies between the two countries.</p><p class=\"paragraph inline-placeholder vossi-paragraph\" data-uri=\"cms.cnn.com/_components/paragraph/instances/cm4d1r3dj000b3b6m4e3xuyfi@published\" data-editable=\"text\" data-component-name=\"paragraph\" data-article-gutter=\"true\" data-analytics-observe=\"on\" style=\"box-sizing: inherit; margin-bottom: var(--base-space-16); -webkit-font-smoothing: antialiased; text-rendering: optimizelegibility; color: var(--appr-color-text-primary); flex: 1 0 0px; line-height: var(--theme-paragraph__line-height); overflow-wrap: break-word; max-width: 676px; position: relative; left: calc(-543px + 50vw);\">“My focus with my clients is to be very clear about the gentrification problem that Mexico faces, and to give them an opportunity to think about what our role is in that situation,” says Frye, who is originally from Michigan. “I believe all people should be able to move freely wherever they want, but there’s a clear injustice considering how easy it is for US citizens to relocate to Mexico in comparison with the other way around.”</p><p class=\"paragraph inline-placeholder vossi-paragraph\" data-uri=\"cms.cnn.com/_components/paragraph/instances/cm4d1r3dj000c3b6m0gn6kylb@published\" data-editable=\"text\" data-component-name=\"paragraph\" data-article-gutter=\"true\" data-analytics-observe=\"on\" style=\"box-sizing: inherit; margin-bottom: var(--base-space-16); -webkit-font-smoothing: antialiased; text-rendering: optimizelegibility; color: var(--appr-color-text-primary); flex: 1 0 0px; line-height: var(--theme-paragraph__line-height); overflow-wrap: break-word; max-width: 676px; position: relative; left: calc(-543px + 50vw);\">While there are dozens of destinations to consider for a move abroad, the following list prioritizes a range of expat-centric topics, including quality of life, affordability, health care, safety and access to culture and outdoor activities. This list offers general advice for people making the move from anywhere in the world, but focuses primarily on US citizens.</p><p class=\"paragraph inline-placeholder vossi-paragraph\" data-uri=\"cms.cnn.com/_components/paragraph/instances/cm4d1r3dj000d3b6mharpu0t5@published\" data-editable=\"text\" data-component-name=\"paragraph\" data-article-gutter=\"true\" data-analytics-observe=\"on\" style=\"box-sizing: inherit; margin-bottom: var(--base-space-16); -webkit-font-smoothing: antialiased; text-rendering: optimizelegibility; color: var(--appr-color-text-primary); flex: 1 0 0px; line-height: var(--theme-paragraph__line-height); overflow-wrap: break-word; max-width: 676px; position: relative; left: calc(-543px + 50vw);\">Also included are some of the downsides to consider, as well as key info on how to make the move.</p><h2 class=\"subheader inline-placeholder\" data-editable=\"text\" data-uri=\"cms.cnn.com/_components/subheader/instances/cm4d1r4jc002h3b6mu6gklpe0@published\" data-component-name=\"subheader\" id=\"mexico\" data-article-gutter=\"true\" style=\"box-sizing: inherit; margin-right: 0px; margin-bottom: 0px; margin-left: 0px; font-weight: var(--theme-subheader__font-weight); line-height: var(--theme-subheader-h2__line-height); font-size: var(--theme-subheader-h2__font-size); -webkit-font-smoothing: antialiased; text-rendering: optimizelegibility; font-family: var(--theme-subheader__font-family); clear: inherit; padding: 16px 0px 8px; color: rgb(12, 12, 12); max-width: 676px; position: relative; left: calc(-543px + 50vw);\">Mexico</h2><div data-uri=\"cms.cnn.com/_components/image/instances/cm4d13frb000g3b6mdjrotzci@published\" class=\"image image__hide-placeholder image--eq-extra-small image--eq-small\" data-image-variation=\"image\" data-name=\"GettyImages-647752888.jpg\" data-component-name=\"image\" data-observe-resizes=\"\" data-breakpoints=\"{&quot;image--eq-extra-small&quot;: 115, &quot;image--eq-small&quot;: 300}\" data-original-ratio=\"0.6665\" data-original-height=\"1333\" data-original-width=\"2000\" data-url=\"https://media.cnn.com/api/v1/images/stellar/prod/gettyimages-647752888.jpg?c=original\" data-editable=\"settings\" style=\"box-sizing: inherit; -webkit-font-smoothing: antialiased; text-rendering: optimizelegibility; border-bottom: 0px; margin: 32px 0px; padding-bottom: 0px; width: 852.667px;\"><div class=\"image__container \" data-image-variation=\"image\" data-breakpoints=\"{&quot;image--eq-extra-small&quot;: 115, &quot;image--eq-small&quot;: 300, &quot;image--show-credits&quot;: 525}\" style=\"box-sizing: inherit; -webkit-font-smoothing: antialiased; text-rendering: optimizelegibility; display: flex; margin-bottom: auto;\"><picture class=\"image__picture\" style=\"box-sizing: inherit; -webkit-font-smoothing: antialiased; text-rendering: optimizelegibility; width: 100%; display: contents; height: 0px;\"><source height=\"1333\" width=\"2000\" media=\"(min-width: 1280px)\" srcset=\"https://media.cnn.com/api/v1/images/stellar/prod/gettyimages-647752888.jpg?q=w_1110,c_fill/f_webp\" type=\"image/webp\" style=\"box-sizing: inherit; -webkit-font-smoothing: antialiased; text-rendering: optimizelegibility;\"><source height=\"1333\" width=\"2000\" media=\"(min-width: 960px)\" srcset=\"https://media.cnn.com/api/v1/images/stellar/prod/gettyimages-647752888.jpg?q=w_1015,c_fill/f_webp\" type=\"image/webp\" style=\"box-sizing: inherit; -webkit-font-smoothing: antialiased; text-rendering: optimizelegibility;\"><source height=\"1333\" width=\"2000\" media=\"(min-width: 480px)\" srcset=\"https://media.cnn.com/api/v1/images/stellar/prod/gettyimages-647752888.jpg?q=w_1160,c_fill/f_webp\" type=\"image/webp\" style=\"box-sizing: inherit; -webkit-font-smoothing: antialiased; text-rendering: optimizelegibility;\"><source height=\"1333\" width=\"2000\" media=\"(max-width: 479px)\" srcset=\"https://media.cnn.com/api/v1/images/stellar/prod/gettyimages-647752888.jpg?q=w_680,c_fill/f_webp\" type=\"image/webp\" style=\"box-sizing: inherit; -webkit-font-smoothing: antialiased; text-rendering: optimizelegibility;\"><img src=\"https://media.cnn.com/api/v1/images/stellar/prod/gettyimages-647752888.jpg?q=w_1110,c_fill\" alt=\"Mexico regularly ranks highly among countries offering satisfaction for expats. Puerto Vallarta is pictured.\" class=\"image__dam-img\" height=\"1333\" width=\"2000\" loading=\"lazy\" style=\"box-sizing: inherit; -webkit-font-smoothing: antialiased; text-rendering: optimizelegibility; width: 852.667px; object-fit: cover; height: 567.875px;\"></picture></div><div class=\"image__metadata\" style=\"box-sizing: inherit; -webkit-font-smoothing: antialiased; text-rendering: optimizelegibility; max-width: 676px; margin: 8px auto 0px; border-bottom: 1px solid rgb(230, 230, 230); padding-bottom: 8px;\"><div itemprop=\"caption\" class=\"image__caption attribution\" style=\"box-sizing: inherit; -webkit-font-smoothing: antialiased; text-rendering: optimizelegibility; color: rgb(12, 12, 12); font-size: 14px; line-height: 20px; margin-top: 4px; order: 2; display: inline;\"><span data-editable=\"metaCaption\" class=\"inline-placeholder\" style=\"box-sizing: inherit; -webkit-font-smoothing: antialiased; text-rendering: optimizelegibility;\">Mexico regularly ranks highly among countries offering satisfaction for expats. Puerto Vallarta is pictured.</span>&nbsp;</div><figcaption class=\"image__credit\" style=\"box-sizing: inherit; display: inline; -webkit-font-smoothing: antialiased; text-rendering: optimizelegibility; color: rgb(110, 110, 110); font-size: 14px; margin: 0px; text-align: right; order: 1; visibility: visible; padding: 4px 0px; line-height: 20px;\">ferrantraite/E+/Getty Images</figcaption></div></div><p class=\"paragraph inline-placeholder vossi-paragraph\" data-uri=\"cms.cnn.com/_components/paragraph/instances/cm4d1r3dk000e3b6mg35m4evs@published\" data-editable=\"text\" data-component-name=\"paragraph\" data-article-gutter=\"true\" data-analytics-observe=\"on\" style=\"box-sizing: inherit; margin-bottom: var(--base-space-16); -webkit-font-smoothing: antialiased; text-rendering: optimizelegibility; color: var(--appr-color-text-primary); flex: 1 0 0px; line-height: var(--theme-paragraph__line-height); overflow-wrap: break-word; max-width: 676px; position: relative; left: calc(-543px + 50vw);\">A popular retirement destination for Americans for decades, Mexico has attracted many more families and the digital nomad set over the past few years.</p><p class=\"paragraph inline-placeholder vossi-paragraph\" data-uri=\"cms.cnn.com/_components/paragraph/instances/cm4d1r3dk000f3b6m4s40d0en@published\" data-editable=\"text\" data-component-name=\"paragraph\" data-article-gutter=\"true\" data-analytics-observe=\"on\" style=\"box-sizing: inherit; margin-bottom: var(--base-space-16); -webkit-font-smoothing: antialiased; text-rendering: optimizelegibility; color: var(--appr-color-text-primary); flex: 1 0 0px; line-height: var(--theme-paragraph__line-height); overflow-wrap: break-word; max-width: 676px; position: relative; left: calc(-543px + 50vw);\">Mexico City — whose population of 22 million in the metro area makes it North America’s biggest city — has been especially hot as of late. And the capital’s growth shows no signs of slowing, with about 667,300 more inhabitants projected in 2025 than three years prior, according to&nbsp;<a href=\"https://worldpopulationreview.com/world-cities/mexico-city-population\" target=\"_blank\" style=\"box-sizing: inherit; color: var(--theme-paragraph__link-color); text-decoration-line: var(--theme-paragraph__link-decoration); -webkit-font-smoothing: antialiased; text-rendering: optimizelegibility; font-weight: var(--base-font-weight-regular); font-family: var(--theme-font-family-body); font-size: var(--appr-font-size-body-md); line-height: var(--appr-font-line-height-body-md); letter-spacing: var(--base-font-letter-spacing-none); text-underline-offset: var(--theme-paragraph__hover-link-offset);\">The World Population Review</a>. From<span style=\"box-sizing: inherit; -webkit-font-smoothing: antialiased; text-rendering: optimizelegibility; font-family: var(--theme-font-family-body); font-size: var(--appr-font-size-body-md); line-height: var(--appr-font-line-height-body-md); color: var(--appr-color-text-primary); letter-spacing: var(--base-font-letter-spacing-none); flex: 1 0 0px; font-weight: 700;\">&nbsp;</span><a href=\"http://portales.segob.gob.mx/es/PoliticaMigratoria/Sintesis_Grafica/?Sintesis=2021\" target=\"_blank\" style=\"box-sizing: inherit; color: var(--theme-paragraph__link-color); text-decoration-line: var(--theme-paragraph__link-decoration); -webkit-font-smoothing: antialiased; text-rendering: optimizelegibility; font-weight: var(--base-font-weight-regular); font-family: var(--theme-font-family-body); font-size: var(--appr-font-size-body-md); line-height: var(--appr-font-line-height-body-md); letter-spacing: var(--base-font-letter-spacing-none); text-underline-offset: var(--theme-paragraph__hover-link-offset);\">2019 to 2022</a>, the number of Americans who applied for or renewed residency visas spiked from about 17,800 to more than 30,000.</p><p class=\"paragraph inline-placeholder vossi-paragraph\" data-uri=\"cms.cnn.com/_components/paragraph/instances/cm4d1r3dk000g3b6m3v7lfoo4@published\" data-editable=\"text\" data-component-name=\"paragraph\" data-article-gutter=\"true\" data-analytics-observe=\"on\" style=\"box-sizing: inherit; margin-bottom: var(--base-space-16); -webkit-font-smoothing: antialiased; text-rendering: optimizelegibility; color: var(--appr-color-text-primary); flex: 1 0 0px; line-height: var(--theme-paragraph__line-height); overflow-wrap: break-word; max-width: 676px; position: relative; left: calc(-543px + 50vw);\">Elsewhere, cities including Oaxaca, San Miguel de Allende and Playa del Carmen are also havens for US expats, many of whom point to Mexico’s lower cost of living and relaxed lifestyle as strong draws.</p><p class=\"paragraph inline-placeholder vossi-paragraph\" data-uri=\"cms.cnn.com/_components/paragraph/instances/cm4d1r3dk000h3b6mqop4h16l@published\" data-editable=\"text\" data-component-name=\"paragraph\" data-article-gutter=\"true\" data-analytics-observe=\"on\" style=\"box-sizing: inherit; margin-bottom: var(--base-space-16); -webkit-font-smoothing: antialiased; text-rendering: optimizelegibility; color: var(--appr-color-text-primary); flex: 1 0 0px; line-height: var(--theme-paragraph__line-height); overflow-wrap: break-word; max-width: 676px; position: relative; left: calc(-543px + 50vw);\"><span style=\"box-sizing: inherit; -webkit-font-smoothing: antialiased; text-rendering: optimizelegibility; font-family: var(--theme-font-family-body); font-size: var(--appr-font-size-body-md); line-height: var(--appr-font-line-height-body-md); color: var(--appr-color-text-primary); letter-spacing: var(--base-font-letter-spacing-none); flex: 1 0 0px; font-weight: 700;\">Pros:</span>&nbsp;Mexico topped InterNations’ 2023 Expat Insider survey and has ranked among the top five countries since 2014. According to the latest results, expats appreciate factors such as the ease of settling in, a fulfilling social life and strong support networks. Mexico’s affordability and laid-back lifestyle also score high.</p><p class=\"paragraph inline-placeholder vossi-paragraph\" data-uri=\"cms.cnn.com/_components/paragraph/instances/cm4d1r3dk000i3b6migrezckw@published\" data-editable=\"text\" data-component-name=\"paragraph\" data-article-gutter=\"true\" data-analytics-observe=\"on\" style=\"box-sizing: inherit; margin-bottom: var(--base-space-16); -webkit-font-smoothing: antialiased; text-rendering: optimizelegibility; color: var(--appr-color-text-primary); flex: 1 0 0px; line-height: var(--theme-paragraph__line-height); overflow-wrap: break-word; max-width: 676px; position: relative; left: calc(-543px + 50vw);\"><span style=\"box-sizing: inherit; -webkit-font-smoothing: antialiased; text-rendering: optimizelegibility; font-family: var(--theme-font-family-body); font-size: var(--appr-font-size-body-md); line-height: var(--appr-font-line-height-body-md); color: var(--appr-color-text-primary); letter-spacing: var(--base-font-letter-spacing-none); flex: 1 0 0px; font-weight: 700;\">Cons:&nbsp;</span>As with other global destinations that have received an influx of Americans as of late, some Mexican cities with large expat communities are getting pushback against foreigners.</p><p class=\"paragraph inline-placeholder vossi-paragraph\" data-uri=\"cms.cnn.com/_components/paragraph/instances/cm4d1r3dk000j3b6mlk60rdzi@published\" data-editable=\"text\" data-component-name=\"paragraph\" data-article-gutter=\"true\" data-analytics-observe=\"on\" style=\"box-sizing: inherit; margin-bottom: var(--base-space-16); -webkit-font-smoothing: antialiased; text-rendering: optimizelegibility; color: var(--appr-color-text-primary); flex: 1 0 0px; line-height: var(--theme-paragraph__line-height); overflow-wrap: break-word; max-width: 676px; position: relative; left: calc(-543px + 50vw);\">Mexico also has a high crime rate. Homicide rates are nearly four times as those in the United States, according to&nbsp;<a href=\"https://www.inegi.org.mx/contenidos/saladeprensa/boletines/2022/DH/DH2021.pdf\" target=\"_blank\" style=\"box-sizing: inherit; color: var(--theme-paragraph__link-color); text-decoration-line: var(--theme-paragraph__link-decoration); -webkit-font-smoothing: antialiased; text-rendering: optimizelegibility; font-weight: var(--base-font-weight-regular); font-family: var(--theme-font-family-body); font-size: var(--appr-font-size-body-md); line-height: var(--appr-font-line-height-body-md); letter-spacing: var(--base-font-letter-spacing-none); text-underline-offset: var(--theme-paragraph__hover-link-offset);\">Mexico’s National Institute of Statistics and Geography</a>. And those numbers may be even higher: Data from the Human Rights Watch suggests that an estimated 90% of crimes in Mexico are never reported.</p><p class=\"paragraph inline-placeholder vossi-paragraph\" data-uri=\"cms.cnn.com/_components/paragraph/instances/cm4d1r3dk000k3b6mvv5ro31u@published\" data-editable=\"text\" data-component-name=\"paragraph\" data-article-gutter=\"true\" data-analytics-observe=\"on\" style=\"box-sizing: inherit; margin-bottom: var(--base-space-16); -webkit-font-smoothing: antialiased; text-rendering: optimizelegibility; color: var(--appr-color-text-primary); flex: 1 0 0px; line-height: var(--theme-paragraph__line-height); overflow-wrap: break-word; max-width: 676px; position: relative; left: calc(-543px + 50vw);\"><span style=\"box-sizing: inherit; -webkit-font-smoothing: antialiased; text-rendering: optimizelegibility; font-family: var(--theme-font-family-body); font-size: var(--appr-font-size-body-md); line-height: var(--appr-font-line-height-body-md); color: var(--appr-color-text-primary); letter-spacing: var(--base-font-letter-spacing-none); flex: 1 0 0px; font-weight: 700;\">How to make the move:</span>&nbsp;Moving to Mexico isn’t as simple as packing a bag, hopping a flight and toasting to your new life south of the border over a margarita on the beach.</p><p class=\"paragraph inline-placeholder vossi-paragraph\" data-uri=\"cms.cnn.com/_components/paragraph/instances/cm4d1r3dk000l3b6m0idxa6i4@published\" data-editable=\"text\" data-component-name=\"paragraph\" data-article-gutter=\"true\" data-analytics-observe=\"on\" style=\"box-sizing: inherit; margin-bottom: var(--base-space-16); -webkit-font-smoothing: antialiased; text-rendering: optimizelegibility; color: var(--appr-color-text-primary); flex: 1 0 0px; line-height: var(--theme-paragraph__line-height); overflow-wrap: break-word; max-width: 676px; position: relative; left: calc(-543px + 50vw);\">Traditionally, valid passport holders from countries that don’t require a visa (including the United States) who are coming to Mexico for leisure or business have been allowed to remain in the country for up to 180 days. (They still must complete a visitor’s permit, or&nbsp;<a href=\"https://www.inm.gob.mx/fmme/publico/en/solicitud.html\" target=\"_blank\" style=\"box-sizing: inherit; color: var(--theme-paragraph__link-color); text-decoration-line: var(--theme-paragraph__link-decoration); -webkit-font-smoothing: antialiased; text-rendering: optimizelegibility; font-weight: var(--base-font-weight-regular); font-family: var(--theme-font-family-body); font-size: var(--appr-font-size-body-md); line-height: var(--appr-font-line-height-body-md); letter-spacing: var(--base-font-letter-spacing-none); text-underline-offset: var(--theme-paragraph__hover-link-offset);\">Forma Migratoria Multiple</a>, FMM for short, at their port of entry.)</p><p class=\"paragraph inline-placeholder vossi-paragraph\" data-uri=\"cms.cnn.com/_components/paragraph/instances/cm4d1r3dk000m3b6mslr9pzyl@published\" data-editable=\"text\" data-component-name=\"paragraph\" data-article-gutter=\"true\" data-analytics-observe=\"on\" style=\"box-sizing: inherit; margin-bottom: var(--base-space-16); -webkit-font-smoothing: antialiased; text-rendering: optimizelegibility; color: var(--appr-color-text-primary); flex: 1 0 0px; line-height: var(--theme-paragraph__line-height); overflow-wrap: break-word; max-width: 676px; position: relative; left: calc(-543px + 50vw);\">However, that 180-day limit is no longer the default, and the exact number of days allowed is at the discretion of the immigration official processing entry.</p><p class=\"paragraph inline-placeholder vossi-paragraph\" data-uri=\"cms.cnn.com/_components/paragraph/instances/cm4d1r3dk000n3b6mex3rz291@published\" data-editable=\"text\" data-component-name=\"paragraph\" data-article-gutter=\"true\" data-analytics-observe=\"on\" style=\"box-sizing: inherit; margin-bottom: var(--base-space-16); -webkit-font-smoothing: antialiased; text-rendering: optimizelegibility; color: var(--appr-color-text-primary); flex: 1 0 0px; line-height: var(--theme-paragraph__line-height); overflow-wrap: break-word; max-width: 676px; position: relative; left: calc(-543px + 50vw);\">Mexico does not offer a digital nomad visa, but those considering a permanent move can look into a&nbsp;<a href=\"https://consulmex.sre.gob.mx/leamington/index.php/non-mexicans/visas/115-temporary-resident-visa\" target=\"_blank\" style=\"box-sizing: inherit; color: var(--theme-paragraph__link-color); text-decoration-line: var(--theme-paragraph__link-decoration); -webkit-font-smoothing: antialiased; text-rendering: optimizelegibility; font-weight: var(--base-font-weight-regular); font-family: var(--theme-font-family-body); font-size: var(--appr-font-size-body-md); line-height: var(--appr-font-line-height-body-md); letter-spacing: var(--base-font-letter-spacing-none); text-underline-offset: var(--theme-paragraph__hover-link-offset);\">Temporary Resident Visa</a>, which allows you to remain in the country for up to four years. Meanwhile, retirees can apply for a&nbsp;<a href=\"https://consulmex.sre.gob.mx/leamington/index.php/non-mexicans/visas/114-permanent-resident-visa#:~:text=Foreigners%20who%20wish%20to%20remain,to%20their%20place%20of%20residence.&amp;text=Visa%20application%20form%20printed%20on,sided%2C%20properly%20completed%20and%20signed.\" target=\"_blank\" style=\"box-sizing: inherit; color: var(--theme-paragraph__link-color); text-decoration-line: var(--theme-paragraph__link-decoration); -webkit-font-smoothing: antialiased; text-rendering: optimizelegibility; font-weight: var(--base-font-weight-regular); font-family: var(--theme-font-family-body); font-size: var(--appr-font-size-body-md); line-height: var(--appr-font-line-height-body-md); letter-spacing: var(--base-font-letter-spacing-none); text-underline-offset: var(--theme-paragraph__hover-link-offset);\">Permanent Resident Visa</a>.</p><h2 class=\"subheader inline-placeholder\" data-editable=\"text\" data-uri=\"cms.cnn.com/_components/subheader/instances/cm4d1xq9d003b3b6mb57dc485@published\" data-component-name=\"subheader\" id=\"spain\" data-article-gutter=\"true\" style=\"box-sizing: inherit; margin-right: 0px; margin-bottom: 0px; margin-left: 0px; font-weight: var(--theme-subheader__font-weight); line-height: var(--theme-subheader-h2__line-height); font-size: var(--theme-subheader-h2__font-size); -webkit-font-smoothing: antialiased; text-rendering: optimizelegibility; font-family: var(--theme-subheader__font-family); clear: inherit; padding: 16px 0px 8px; color: rgb(12, 12, 12); max-width: 676px; position: relative; left: calc(-543px + 50vw);\">Spain</h2><div data-uri=\"cms.cnn.com/_components/image/instances/cm4d1xwhm003d3b6mky51e9h4@published\" class=\"image image__hide-placeholder image--eq-extra-small image--eq-small\" data-image-variation=\"image\" data-name=\"GettyImages-868272252.jpg\" data-component-name=\"image\" data-observe-resizes=\"\" data-breakpoints=\"{&quot;image--eq-extra-small&quot;: 115, &quot;image--eq-small&quot;: 300}\" data-original-ratio=\"0.6675675675675675\" data-original-height=\"1235\" data-original-width=\"1850\" data-url=\"https://media.cnn.com/api/v1/images/stellar/prod/gettyimages-868272252.jpg?c=original\" data-editable=\"settings\" style=\"box-sizing: inherit; -webkit-font-smoothing: antialiased; text-rendering: optimizelegibility; border-bottom: 0px; margin: 32px 0px; padding-bottom: 0px; width: 852.667px;\"><div class=\"image__container \" data-image-variation=\"image\" data-breakpoints=\"{&quot;image--eq-extra-small&quot;: 115, &quot;image--eq-small&quot;: 300, &quot;image--show-credits&quot;: 525}\" style=\"box-sizing: inherit; -webkit-font-smoothing: antialiased; text-rendering: optimizelegibility; display: flex; margin-bottom: auto;\"><picture class=\"image__picture\" style=\"box-sizing: inherit; -webkit-font-smoothing: antialiased; text-rendering: optimizelegibility; width: 100%; display: contents; height: 0px;\"><source height=\"1235\" width=\"1850\" media=\"(min-width: 1280px)\" srcset=\"https://media.cnn.com/api/v1/images/stellar/prod/gettyimages-868272252.jpg?q=w_1110,c_fill/f_webp\" type=\"image/webp\" style=\"box-sizing: inherit; -webkit-font-smoothing: antialiased; text-rendering: optimizelegibility;\"><source height=\"1235\" width=\"1850\" media=\"(min-width: 960px)\" srcset=\"https://media.cnn.com/api/v1/images/stellar/prod/gettyimages-868272252.jpg?q=w_1015,c_fill/f_webp\" type=\"image/webp\" style=\"box-sizing: inherit; -webkit-font-smoothing: antialiased; text-rendering: optimizelegibility;\"><source height=\"1235\" width=\"1850\" media=\"(min-width: 480px)\" srcset=\"https://media.cnn.com/api/v1/images/stellar/prod/gettyimages-868272252.jpg?q=w_1160,c_fill/f_webp\" type=\"image/webp\" style=\"box-sizing: inherit; -webkit-font-smoothing: antialiased; text-rendering: optimizelegibility;\"><source height=\"1235\" width=\"1850\" media=\"(max-width: 479px)\" srcset=\"https://media.cnn.com/api/v1/images/stellar/prod/gettyimages-868272252.jpg?q=w_680,c_fill/f_webp\" type=\"image/webp\" style=\"box-sizing: inherit; -webkit-font-smoothing: antialiased; text-rendering: optimizelegibility;\"><img src=\"https://media.cnn.com/api/v1/images/stellar/prod/gettyimages-868272252.jpg?q=w_1110,c_fill\" alt=\"Spain offers one of the lowest costs of living in Western Europe. And the outdoor cafe scene in Valencia certainly has appeal.\" class=\"image__dam-img\" height=\"1235\" width=\"1850\" loading=\"lazy\" style=\"box-sizing: inherit; -webkit-font-smoothing: antialiased; text-rendering: optimizelegibility; width: 852.667px; object-fit: cover; height: 569.562px;\"></picture></div><div class=\"image__metadata\" style=\"box-sizing: inherit; -webkit-font-smoothing: antialiased; text-rendering: optimizelegibility; max-width: 676px; margin: 8px auto 0px; border-bottom: 1px solid rgb(230, 230, 230); padding-bottom: 8px;\"><div itemprop=\"caption\" class=\"image__caption attribution\" style=\"box-sizing: inherit; -webkit-font-smoothing: antialiased; text-rendering: optimizelegibility; color: rgb(12, 12, 12); font-size: 14px; line-height: 20px; margin-top: 4px; order: 2; display: inline;\"><span data-editable=\"metaCaption\" class=\"inline-placeholder\" style=\"box-sizing: inherit; -webkit-font-smoothing: antialiased; text-rendering: optimizelegibility;\">Spain offers one of the lowest costs of living in Western Europe. And the outdoor cafe scene in Valencia certainly has appeal.</span>&nbsp;</div><figcaption class=\"image__credit\" style=\"box-sizing: inherit; display: inline; -webkit-font-smoothing: antialiased; text-rendering: optimizelegibility; color: rgb(110, 110, 110); font-size: 14px; margin: 0px; text-align: right; order: 1; visibility: visible; padding: 4px 0px; line-height: 20px;\">RossHelen/iStock Editorial/Getty Images</figcaption></div></div><p class=\"paragraph inline-placeholder vossi-paragraph\" data-uri=\"cms.cnn.com/_components/paragraph/instances/cm4d1r3dk000p3b6myrytagya@published\" data-editable=\"text\" data-component-name=\"paragraph\" data-article-gutter=\"true\" data-analytics-observe=\"on\" style=\"box-sizing: inherit; margin-bottom: var(--base-space-16); -webkit-font-smoothing: antialiased; text-rendering: optimizelegibility; color: var(--appr-color-text-primary); flex: 1 0 0px; line-height: var(--theme-paragraph__line-height); overflow-wrap: break-word; max-width: 676px; position: relative; left: calc(-543px + 50vw);\">A gorgeous climate, a relatively low cost of living, and vibrant, culture-rich cities and towns from the Mediterranean to the Atlantic: No wonder more Americans are eagerly proclaiming&nbsp;<em style=\"box-sizing: inherit; -webkit-font-smoothing: antialiased; text-rendering: optimizelegibility;\">“Viva España!”</em>&nbsp;for their next life chapter.</p><p class=\"paragraph inline-placeholder vossi-paragraph\" data-uri=\"cms.cnn.com/_components/paragraph/instances/cm4d1r3dk000q3b6mlfvuwkek@published\" data-editable=\"text\" data-component-name=\"paragraph\" data-article-gutter=\"true\" data-analytics-observe=\"on\" style=\"box-sizing: inherit; margin-bottom: var(--base-space-16); -webkit-font-smoothing: antialiased; text-rendering: optimizelegibility; color: var(--appr-color-text-primary); flex: 1 0 0px; line-height: var(--theme-paragraph__line-height); overflow-wrap: break-word; max-width: 676px; position: relative; left: calc(-543px + 50vw);\">Madrid, Barcelona, Seville and Bilbao all boast large English-speaking expat communities, while the coastal city of Valencia is quickly gaining traction as a coveted spot, too: It ranked first in InterNations’ 2024&nbsp;<a href=\"https://www.internations.org/expat-insider/2024/quality-of-life-index-40451\" target=\"_blank\" style=\"box-sizing: inherit; color: var(--theme-paragraph__link-color); text-decoration-line: var(--theme-paragraph__link-decoration); -webkit-font-smoothing: antialiased; text-rendering: optimizelegibility; font-weight: var(--base-font-weight-regular); font-family: var(--theme-font-family-body); font-size: var(--appr-font-size-body-md); line-height: var(--appr-font-line-height-body-md); letter-spacing: var(--base-font-letter-spacing-none); text-underline-offset: var(--theme-paragraph__hover-link-offset);\">Quality of Life Index</a>, and also topped the annual index by&nbsp;<a href=\"https://www.liveandinvestoverseas.com/\" target=\"_blank\" style=\"box-sizing: inherit; color: var(--theme-paragraph__link-color); text-decoration-line: var(--theme-paragraph__link-decoration); -webkit-font-smoothing: antialiased; text-rendering: optimizelegibility; font-weight: var(--base-font-weight-regular); font-family: var(--theme-font-family-body); font-size: var(--appr-font-size-body-md); line-height: var(--appr-font-line-height-body-md); letter-spacing: var(--base-font-letter-spacing-none); text-underline-offset: var(--theme-paragraph__hover-link-offset);\">Live and Invest Overseas for 2024</a>.</p><p class=\"paragraph inline-placeholder vossi-paragraph\" data-uri=\"cms.cnn.com/_components/paragraph/instances/cm4d1r3dk000r3b6m8dzfcqi6@published\" data-editable=\"text\" data-component-name=\"paragraph\" data-article-gutter=\"true\" data-analytics-observe=\"on\" style=\"box-sizing: inherit; margin-bottom: var(--base-space-16); -webkit-font-smoothing: antialiased; text-rendering: optimizelegibility; color: var(--appr-color-text-primary); flex: 1 0 0px; line-height: var(--theme-paragraph__line-height); overflow-wrap: break-word; max-width: 676px; position: relative; left: calc(-543px + 50vw);\"><span style=\"box-sizing: inherit; -webkit-font-smoothing: antialiased; text-rendering: optimizelegibility; font-family: var(--theme-font-family-body); font-size: var(--appr-font-size-body-md); line-height: var(--appr-font-line-height-body-md); color: var(--appr-color-text-primary); letter-spacing: var(--base-font-letter-spacing-none); flex: 1 0 0px; font-weight: 700;\">Pros:&nbsp;</span>There’s&nbsp;<em style=\"box-sizing: inherit; -webkit-font-smoothing: antialiased; text-rendering: optimizelegibility;\">mucho</em>&nbsp;to love about Spain: modern cities and quaint small towns, high-quality universal health care and a world-renowned dining and nightlife scene, just to name a few benefits. In fact, the Spanish cities of Valencia, Málaga and Alicante ranked in the top three of InterNations’ most recent list of&nbsp;<a href=\"https://www.internations.org/expat-insider/2024/best-cities-for-expats-40486\" target=\"_blank\" style=\"box-sizing: inherit; color: var(--theme-paragraph__link-color); text-decoration-line: var(--theme-paragraph__link-decoration); -webkit-font-smoothing: antialiased; text-rendering: optimizelegibility; font-weight: var(--base-font-weight-regular); font-family: var(--theme-font-family-body); font-size: var(--appr-font-size-body-md); line-height: var(--appr-font-line-height-body-md); letter-spacing: var(--base-font-letter-spacing-none); text-underline-offset: var(--theme-paragraph__hover-link-offset);\">best cities for expats</a>.</p><p class=\"paragraph inline-placeholder vossi-paragraph\" data-uri=\"cms.cnn.com/_components/paragraph/instances/cm4d1r3dk000s3b6mujk07g7s@published\" data-editable=\"text\" data-component-name=\"paragraph\" data-article-gutter=\"true\" data-analytics-observe=\"on\" style=\"box-sizing: inherit; margin-bottom: var(--base-space-16); -webkit-font-smoothing: antialiased; text-rendering: optimizelegibility; color: var(--appr-color-text-primary); flex: 1 0 0px; line-height: var(--theme-paragraph__line-height); overflow-wrap: break-word; max-width: 676px; position: relative; left: calc(-543px + 50vw);\">According to the International LGBTQ+ Travel Association, Spain also is&nbsp;<a href=\"https://www.iglta.org/destinations/europe/spain/\" target=\"_blank\" style=\"box-sizing: inherit; color: var(--theme-paragraph__link-color); text-decoration-line: var(--theme-paragraph__link-decoration); -webkit-font-smoothing: antialiased; text-rendering: optimizelegibility; font-weight: var(--base-font-weight-regular); font-family: var(--theme-font-family-body); font-size: var(--appr-font-size-body-md); line-height: var(--appr-font-line-height-body-md); letter-spacing: var(--base-font-letter-spacing-none); text-underline-offset: var(--theme-paragraph__hover-link-offset);\">one of the most culturally liberal</a>&nbsp;and welcoming countries for LGBTQ+ travelers. In 2005, it became one of the first to legalize same-sex marriage, and it hosts one of the world’s largest Pride celebrations, which draws some 1.5 million visitors every year.</p><p class=\"paragraph inline-placeholder vossi-paragraph\" data-uri=\"cms.cnn.com/_components/paragraph/instances/cm4d1r3dk000t3b6mdpl1uig3@published\" data-editable=\"text\" data-component-name=\"paragraph\" data-article-gutter=\"true\" data-analytics-observe=\"on\" style=\"box-sizing: inherit; margin-bottom: var(--base-space-16); -webkit-font-smoothing: antialiased; text-rendering: optimizelegibility; color: var(--appr-color-text-primary); flex: 1 0 0px; line-height: var(--theme-paragraph__line-height); overflow-wrap: break-word; max-width: 676px; position: relative; left: calc(-543px + 50vw);\"><span style=\"box-sizing: inherit; -webkit-font-smoothing: antialiased; text-rendering: optimizelegibility; font-family: var(--theme-font-family-body); font-size: var(--appr-font-size-body-md); line-height: var(--appr-font-line-height-body-md); color: var(--appr-color-text-primary); letter-spacing: var(--base-font-letter-spacing-none); flex: 1 0 0px; font-weight: 700;\">Cons:&nbsp;</span>If you’re hoping moving to Spain will boost your career, you may need to adjust your expectations. According to InterNations’ 2023 survey, “Spain performs worst in the Working Abroad Index (34th). Less than half the expats (49%) agree that moving there has improved their career prospects (vs. 59% globally),” and another 36% are unhappy with the local job market.</p><p class=\"paragraph inline-placeholder vossi-paragraph\" data-uri=\"cms.cnn.com/_components/paragraph/instances/cm4d1r3dk000u3b6m1a9cbl20@published\" data-editable=\"text\" data-component-name=\"paragraph\" data-article-gutter=\"true\" data-analytics-observe=\"on\" style=\"box-sizing: inherit; margin-bottom: var(--base-space-16); -webkit-font-smoothing: antialiased; text-rendering: optimizelegibility; color: var(--appr-color-text-primary); flex: 1 0 0px; line-height: var(--theme-paragraph__line-height); overflow-wrap: break-word; max-width: 676px; position: relative; left: calc(-543px + 50vw);\">In addition, English is generally not widely spoken outside of larger cities. And, in the regions of Catalonia and the Basque Country, the official languages are Catalan and Euskara (or Basque), respectively.</p><p class=\"paragraph inline-placeholder vossi-paragraph\" data-uri=\"cms.cnn.com/_components/paragraph/instances/cm4d1r3dk000v3b6mnoizbszr@published\" data-editable=\"text\" data-component-name=\"paragraph\" data-article-gutter=\"true\" data-analytics-observe=\"on\" style=\"box-sizing: inherit; margin-bottom: var(--base-space-16); -webkit-font-smoothing: antialiased; text-rendering: optimizelegibility; color: var(--appr-color-text-primary); flex: 1 0 0px; line-height: var(--theme-paragraph__line-height); overflow-wrap: break-word; max-width: 676px; position: relative; left: calc(-543px + 50vw);\">The distinctly Spanish way of life also is an adjustment for many, as schedules for working, dining and socializing are later than American standards. The workday generally runs from 9 a.m. to 7 p.m., with a long lunch break during the afternoon&nbsp;<em style=\"box-sizing: inherit; -webkit-font-smoothing: antialiased; text-rendering: optimizelegibility;\">siesta</em>&nbsp;(during which time many businesses are closed), and Spaniards usually eat dinner no earlier than around 8:30 p.m.</p><p class=\"paragraph inline-placeholder vossi-paragraph\" data-uri=\"cms.cnn.com/_components/paragraph/instances/cm4d1r3dk000w3b6m8oe35ean@published\" data-editable=\"text\" data-component-name=\"paragraph\" data-article-gutter=\"true\" data-analytics-observe=\"on\" style=\"box-sizing: inherit; margin-bottom: var(--base-space-16); -webkit-font-smoothing: antialiased; text-rendering: optimizelegibility; color: var(--appr-color-text-primary); flex: 1 0 0px; line-height: var(--theme-paragraph__line-height); overflow-wrap: break-word; max-width: 676px; position: relative; left: calc(-543px + 50vw);\">Politics in Spain is also becoming increasingly more divisive (and&nbsp;<a href=\"https://www.cnn.com/2023/11/09/world/spain-vidal-quadras-shot-madrid-intl/index.html\" style=\"box-sizing: inherit; color: var(--theme-paragraph__link-color); text-decoration-line: var(--theme-paragraph__link-decoration); -webkit-font-smoothing: antialiased; text-rendering: optimizelegibility; font-weight: var(--base-font-weight-regular); font-family: var(--theme-font-family-body); font-size: var(--appr-font-size-body-md); line-height: var(--appr-font-line-height-body-md); letter-spacing: var(--base-font-letter-spacing-none); text-underline-offset: var(--theme-paragraph__hover-link-offset);\">occasionally violent</a>), especially as the northeastern region of Catalonia continues its push for independence.</p><p class=\"paragraph inline-placeholder vossi-paragraph\" data-uri=\"cms.cnn.com/_components/paragraph/instances/cm4d1r3dk000x3b6m634a3w7j@published\" data-editable=\"text\" data-component-name=\"paragraph\" data-article-gutter=\"true\" data-analytics-observe=\"off\" style=\"box-sizing: inherit; margin-bottom: var(--base-space-16); -webkit-font-smoothing: antialiased; text-rendering: optimizelegibility; color: var(--appr-color-text-primary); flex: 1 0 0px; line-height: var(--theme-paragraph__line-height); overflow-wrap: break-word; max-width: 676px; position: relative; left: calc(-543px + 50vw);\"><span style=\"box-sizing: inherit; -webkit-font-smoothing: antialiased; text-rendering: optimizelegibility; font-family: var(--theme-font-family-body); font-size: var(--appr-font-size-body-md); line-height: var(--appr-font-line-height-body-md); color: var(--appr-color-text-primary); letter-spacing: var(--base-font-letter-spacing-none); flex: 1 0 0px; font-weight: 700;\">How to make the move:&nbsp;</span>Several options exist for expats, including retirees', 14, 1, 1, 205);
INSERT INTO `news` VALUES (6, 6, 'https://cdn.tuoitre.vn/zoom/456_285/471584752817336320/2024/12/10/z61149450792530704d4d3091988ec3fb20658733ca71c-17337959000931164362877.jpg', 'TP.HCM trình đề án táo bạo: Nâng gấp đôi quy mô metro, làm 355km trong 10 năm', '2024-12-10', 'Renewable energy technologies are evolving rapidly.', '<h2 class=\"detail-sapo\" data-role=\"sapo\" style=\"-webkit-font-smoothing: antialiased; text-rendering: geometricprecision; margin-right: 0px; margin-bottom: 24px; margin-left: 0px; font-weight: 700; font-size: 17px; line-height: 30px; color: rgb(34, 34, 34); font-family: Roboto;\">Quốc hội Hàn Quốc vừa thông qua nghị quyết yêu cầu nhanh chóng bắt giữ 8 nhân vật chủ chốt, trong đó có Tổng thống Yoon Suk Yeol.</h2><div data-check-position=\"body_start\" bis_skin_checked=\"1\" style=\"-webkit-font-smoothing: antialiased; text-rendering: geometricprecision; outline: 0px; color: rgb(51, 51, 51); font-family: Roboto; font-size: 14px;\"></div><div class=\"detail-cmain clearfix\" bis_skin_checked=\"1\" style=\"-webkit-font-smoothing: antialiased; text-rendering: geometricprecision; outline: 0px; clear: both; padding-bottom: 24px; border-bottom: 1px solid rgb(242, 242, 242); margin-bottom: 24px; color: rgb(51, 51, 51); font-family: Roboto; font-size: 14px;\"><div class=\"detail-content afcbc-body\" data-role=\"content\" itemprop=\"articleBody\" bis_skin_checked=\"1\" style=\"-webkit-font-smoothing: antialiased; text-rendering: geometricprecision; outline: 0px; font-size: 17px; line-height: 30px; color: rgb(34, 34, 34); max-width: 100%;\"><figure class=\"VCSortableInPreviewMode\" type=\"Photo\" style=\"-webkit-font-smoothing: antialiased; text-rendering: geometricprecision; display: inline-block; flex-direction: column; margin-right: auto; margin-bottom: 15px; margin-left: auto; position: relative; transition: 0.3s ease-in-out; width: 660px; visibility: visible; overflow-wrap: break-word; cursor: default; max-width: 100%;\"><div bis_skin_checked=\"1\" style=\"-webkit-font-smoothing: antialiased; text-rendering: geometricprecision; outline: 0px;\"><a href=\"https://cdn.tuoitre.vn/471584752817336320/2024/12/10/quoc-hoi-han-quoc-17338137417301874191829.jpg\" data-fancybox=\"content\" data-caption=\"Phiên họp của Quốc hội Hàn Quốc ngày 10-12 đã thông qua nghị quyết yêu cầu nhanh chóng bắt giữ 8 nhân vật chủ chốt, trong đó có tổng thống Yoon Suk Yeol - Ảnh: Yonhap News\" rel=\"nofollow\" target=\"_blank\" style=\"-webkit-font-smoothing: antialiased; text-rendering: geometricprecision; color: rgb(34, 106, 197); outline: 0px !important;\"><img data-author=\"\" src=\"https://cdn.tuoitre.vn/thumb_w/730/471584752817336320/2024/12/10/quoc-hoi-han-quoc-17338137417301874191829.jpg\" sizes=\"(max-width: 767px) 100vw, (max-width: 1023px) 800px, 1024px\" srcset=\"https://cdn.tuoitre.vn/thumb_w/480/471584752817336320/2024/12/10/quoc-hoi-han-quoc-17338137417301874191829.jpg  480w,https://cdn.tuoitre.vn/thumb_w/800/471584752817336320/2024/12/10/quoc-hoi-han-quoc-17338137417301874191829.jpg 800w,https://cdn.tuoitre.vn/thumb_w/1200/471584752817336320/2024/12/10/quoc-hoi-han-quoc-17338137417301874191829.jpg 1200w\" id=\"img_790834943171743744\" w=\"1200\" h=\"689\" alt=\"Quốc hội Hàn Quốc thông qua nghị quyết yêu cầu bắt Tổng thống Yoon - Ảnh 1.\" title=\"\" rel=\"lightbox\" photoid=\"790834943171743744\" data-original=\"https://cdn.tuoitre.vn/471584752817336320/2024/12/10/quoc-hoi-han-quoc-17338137417301874191829.jpg\" type=\"photo\" width=\"1200\" height=\"689\" fetchpriority=\"high\" class=\"lightbox-content\" style=\"-webkit-font-smoothing: antialiased; text-rendering: geometricprecision; width: 660px; max-width: 100%; display: inline-block; image-rendering: -webkit-optimize-contrast; color: transparent; height: auto; margin: 0px auto; vertical-align: top;\"></a><div id=\"wrapper-inimage-pos-sponsor-0\" bis_skin_checked=\"1\" style=\"-webkit-font-smoothing: antialiased; text-rendering: geometricprecision; outline: 0px;\"><div id=\"in-images\" bis_skin_checked=\"1\" style=\"-webkit-font-smoothing: antialiased; text-rendering: geometricprecision; outline: 0px;\"><div id=\"zone-joqxux31\" bis_skin_checked=\"1\" style=\"-webkit-font-smoothing: antialiased; text-rendering: geometricprecision; outline: 0px;\"><div id=\"share-joqxuxkg\" bis_skin_checked=\"1\" style=\"-webkit-font-smoothing: antialiased; text-rendering: geometricprecision; outline: 0px;\"></div></div></div></div></div><figcaption class=\"PhotoCMS_Caption\" style=\"-webkit-font-smoothing: antialiased; text-rendering: geometricprecision; max-width: 100%; background-image: initial; background-position: initial; background-size: initial; background-repeat: initial; background-attachment: initial; background-origin: initial; background-clip: initial; border-bottom: 1px solid rgb(242, 242, 242); padding: 8px 0px;\"><p data-placeholder=\"Nhập chú thích ảnh\" class=\"\" style=\"-webkit-font-smoothing: antialiased; text-rendering: geometricprecision; margin-right: 0px; margin-left: 0px; line-height: 22px; color: rgb(143, 143, 143); margin-bottom: 0px !important; font-size: 16px !important;\">Phiên họp của Quốc hội Hàn Quốc ngày 10-12 đã thông qua nghị quyết yêu cầu nhanh chóng bắt giữ 8 nhân vật chủ chốt, trong đó có tổng thống Yoon Suk Yeol - Ảnh: Yonhap News</p></figcaption></figure><p class=\"\" style=\"-webkit-font-smoothing: antialiased; text-rendering: geometricprecision; margin: 1em 0px;\">Theo Hãng tin Yonhap, ngày 10-12, Quốc hội Hàn Quốc đã thông qua nghị quyết yêu cầu bắt giữ khẩn cấp 8 nhân vật chủ chốt, bao gồm Tổng thống Yoon Suk Yeol, liên quan đến việc&nbsp;<a class=\"link-inline-content\" href=\"https://tuoitre.vn/tong-thong-han-quoc-ban-bo-lenh-thiet-quan-luat-khan-cap-20241203214055815.htm\" title=\"ban bố thiết quân luật khẩn cấp\" data-rel=\"follow\" style=\"-webkit-font-smoothing: antialiased; text-rendering: geometricprecision; color: rgb(34, 106, 197); outline: 0px;\">ban bố thiết quân luật khẩn cấp</a>&nbsp;hồi tuần trước.</p><p class=\"\" style=\"-webkit-font-smoothing: antialiased; text-rendering: geometricprecision; margin: 1em 0px;\">Nghị quyết được thông qua với 191 phiếu thuận, 94 phiếu chống và 3 phiếu trắng trên tổng số 288 đại biểu tham gia bỏ phiếu.</p><p class=\"\" style=\"-webkit-font-smoothing: antialiased; text-rendering: geometricprecision; margin: 1em 0px;\">Nghị quyết yêu cầu bắt giữ khẩn cấp Tổng thống Yoon, cựu Bộ trưởng Quốc phòng&nbsp;<a class=\"link-inline-content\" href=\"https://tuoitre.vn/han-quoc-bat-cuu-bo-truong-quoc-phong-tham-gia-lap-thiet-quan-luat-20241208073822528.htm\" title=\"Kim Yong Hyun\" data-rel=\"follow\" style=\"-webkit-font-smoothing: antialiased; text-rendering: geometricprecision; color: rgb(34, 106, 197); outline: 0px;\">Kim Yong Hyun</a>, cựu Bộ trưởng Nội vụ và An toàn Lee Sang Min.</p><p class=\"\" style=\"-webkit-font-smoothing: antialiased; text-rendering: geometricprecision; margin: 1em 0px;\">Ngoài ra, các nhân vật khác bị yêu cầu bắt giữ bao gồm Đại tướng Park An So, Tổng Tham mưu trưởng Lục quân và từng là Chỉ huy trưởng thiết quân luật; Trung tướng Yeo In Hyung, lãnh đạo Phản gián; Trung tướng Lee Jin Woo, lãnh đạo Bộ tư lệnh Phòng thủ thủ đô; Trung tướng Kwak Jong Keun, lãnh đạo Bộ tư lệnh Đặc nhiệm lục quân; Tư lệnh Cảnh sát Quốc gia Hàn Quốc Cho Ji Ho.</p><p class=\"\" style=\"-webkit-font-smoothing: antialiased; text-rendering: geometricprecision; margin: 1em 0px;\">Nghị quyết này trước đó đã được Ủy ban Hành chính và An ninh Quốc hội thông qua ngày 5-12 dưới sự chủ trì của các nghị sĩ đối lập. Tuy nhiên, phiên bản ban đầu không bao gồm Tổng thống Yoon.</p><p class=\"\" style=\"-webkit-font-smoothing: antialiased; text-rendering: geometricprecision; margin: 1em 0px;\">Tại phiên họp toàn thể, đảng Dân chủ (DP) đối lập đã đệ trình bản sửa đổi, bổ sung tên Tổng thống Yoon vào danh sách yêu cầu bắt giữ.</p><p class=\"\" style=\"-webkit-font-smoothing: antialiased; text-rendering: geometricprecision; margin: 1em 0px;\">Cùng ngày, Quốc hội Hàn Quốc thông qua dự luật bổ nhiệm công tố viên đặc biệt để điều tra về cáo buộc nổi loạn đối với Tổng thống Yoon Suk Yeol, liên quan đến việc ban bố thiết quân luật.</p><div id=\"InreadPc\" bis_skin_checked=\"1\" style=\"-webkit-font-smoothing: antialiased; text-rendering: geometricprecision; outline: 0px;\"><div id=\"zone-jnvk0c1v\" bis_skin_checked=\"1\" style=\"-webkit-font-smoothing: antialiased; text-rendering: geometricprecision; outline: 0px;\"><div id=\"share-jnvk0cro\" bis_skin_checked=\"1\" style=\"-webkit-font-smoothing: antialiased; text-rendering: geometricprecision; outline: 0px;\"></div></div></div><p class=\"\" style=\"-webkit-font-smoothing: antialiased; text-rendering: geometricprecision; margin: 1em 0px;\">Dự luật được thông qua với 210 phiếu thuận, 63 phiếu chống và 14 phiếu trắng. Nội dung dự luật yêu cầu điều tra Tổng thống Yoon, cựu Bộ trưởng Quốc phòng Kim Yong Hyun, Đại tướng Park An So, cùng các quan chức khác có liên quan đến lệnh thiết quân luật.</p><p class=\"\" style=\"-webkit-font-smoothing: antialiased; text-rendering: geometricprecision; margin: 1em 0px;\">Đáng chú ý, các nghị sĩ thuộc đảng cầm quyền Quyền lực Quốc dân (PPP) cũng tham gia bỏ phiếu, dù trước đó đảng này quyết định không đưa ra lập trường ủng hộ hay phản đối dự luật.</p><p class=\"\" style=\"-webkit-font-smoothing: antialiased; text-rendering: geometricprecision; margin: 1em 0px;\">Danh sách đối tượng điều tra còn bao gồm Thủ tướng Han Duck Soo, lãnh đạo Phản gián Yeo In Hyung và cựu lãnh đạo đảng PPP Choo Kyung Ho.</p><figure class=\"VCSortableInPreviewMode\" type=\"Photo\" style=\"-webkit-font-smoothing: antialiased; text-rendering: geometricprecision; display: inline-block; flex-direction: column; margin-right: auto; margin-bottom: 15px; margin-left: auto; position: relative; transition: 0.3s ease-in-out; width: 660px; visibility: visible; overflow-wrap: break-word; cursor: default; max-width: 100%;\"><div bis_skin_checked=\"1\" style=\"-webkit-font-smoothing: antialiased; text-rendering: geometricprecision; outline: 0px;\"><a href=\"https://cdn.tuoitre.vn/471584752817336320/2024/12/10/han-quoc-bieu-tinh-17338174126671604915237.png\" data-fancybox=\"content\" data-caption=\"Người biểu tình Hàn Quốc kêu gọi phế truất Tổng thống Yoon Suk Yeol bên ngoài Quốc hội ở Seoul vào ngày 7 tháng 12 - Ảnh: AFP\" rel=\"nofollow\" target=\"_blank\" style=\"-webkit-font-smoothing: antialiased; text-rendering: geometricprecision; color: rgb(34, 106, 197); outline: 0px !important;\"><img data-author=\"\" src=\"https://cdn.tuoitre.vn/thumb_w/730/471584752817336320/2024/12/10/han-quoc-bieu-tinh-17338174126671604915237.png\" sizes=\"(max-width: 767px) 100vw, (max-width: 1023px) 800px, 1024px\" srcset=\"https://cdn.tuoitre.vn/thumb_w/480/471584752817336320/2024/12/10/han-quoc-bieu-tinh-17338174126671604915237.png  480w,https://cdn.tuoitre.vn/thumb_w/800/471584752817336320/2024/12/10/han-quoc-bieu-tinh-17338174126671604915237.png 800w,https://cdn.tuoitre.vn/thumb_w/1200/471584752817336320/2024/12/10/han-quoc-bieu-tinh-17338174126671604915237.png 1200w\" id=\"img_790850342361092096\" w=\"845\" h=\"558\" alt=\"Quốc hội Hàn Quốc thông qua nghị quyết yêu cầu bắt Tổng thống Yoon - Ảnh 2.\" title=\"Quốc hội Hàn Quốc thông qua nghị quyết yêu cầu bắt Tổng thống Yoon - Ảnh 2.\" rel=\"lightbox\" photoid=\"790850342361092096\" data-original=\"https://cdn.tuoitre.vn/471584752817336320/2024/12/10/han-quoc-bieu-tinh-17338174126671604915237.png\" type=\"photo\" width=\"845\" height=\"558\" loading=\"lazy\" class=\"lightbox-content\" style=\"-webkit-font-smoothing: antialiased; text-rendering: geometricprecision; width: 660px; max-width: 100%; display: inline-block; image-rendering: -webkit-optimize-contrast; color: transparent; height: auto; margin: 0px auto; vertical-align: top;\"></a></div><figcaption class=\"PhotoCMS_Caption\" style=\"-webkit-font-smoothing: antialiased; text-rendering: geometricprecision; max-width: 100%; background-image: initial; background-position: initial; background-size: initial; background-repeat: initial; background-attachment: initial; background-origin: initial; background-clip: initial; border-bottom: 1px solid rgb(242, 242, 242); padding: 8px 0px;\"><p data-placeholder=\"Nhập chú thích ảnh\" style=\"-webkit-font-smoothing: antialiased; text-rendering: geometricprecision; margin-right: 0px; margin-left: 0px; line-height: 22px; color: rgb(143, 143, 143); margin-bottom: 0px !important; font-size: 16px !important;\">Người biểu tình Hàn Quốc kêu gọi phế truất Tổng thống Yoon Suk Yeol bên ngoài Quốc hội ở Seoul vào ngày 7 tháng 12 - Ảnh: AFP</p></figcaption></figure><p style=\"-webkit-font-smoothing: antialiased; text-rendering: geometricprecision; margin: 1em 0px;\">Trong lịch sử Hàn Quốc, chưa từng có tổng thống nào bị bắt khi đương chức. Một trong các lý do là bởi tổng thống được bảo vệ bởi Điều 84 trong Hiến pháp (sửa đổi năm 1987). Theo đó quy định: \"Tổng thống không bị buộc tội hình sự trong thời gian tại nhiệm, ngoại trừ tội nổi loạn hoặc phản quốc\".</p><p style=\"-webkit-font-smoothing: antialiased; text-rendering: geometricprecision; margin: 1em 0px;\">Tuy nhiên, ông Yoon đang đối mặt với ít nhất ba cuộc điều tra của ba cơ quan lớn, liên quan lệnh thiết quân luật. Ông bị cáo buộc tội nổi loạn và đã bị cấm xuất cảnh, điều chưa từng xảy ra với một tổng thống tại vị.&nbsp;</p></div></div>', 15, 0, 1, 98);
INSERT INTO `news` VALUES (7, 7, 'https://cdn.tuoitre.vn/zoom/456_285/471584752817336320/2024/12/10/z61149450792530704d4d3091988ec3fb20658733ca71c-17337959000931164362877.jpg', 'The Impact of Social Media on Society', '2024-12-10', 'Social media is transforming communication and culture.', 'An in-depth look at how social media platforms are shaping societal trends and behaviors.', 16, 1, 1, 147);
INSERT INTO `news` VALUES (8, 8, 'https://cdn.tuoitre.vn/zoom/456_285/471584752817336320/2024/12/10/z61149450792530704d4d3091988ec3fb20658733ca71c-17337959000931164362877.jpg', 'Exploring the Metaverse', '2024-12-11', 'The metaverse is redefining digital interaction.', 'Learn about the growing metaverse ecosystem, its key players, and future prospects.', 17, 1, 1, 112);
INSERT INTO `news` VALUES (9, 9, 'https://cdn.tuoitre.vn/zoom/456_285/471584752817336320/2024/12/10/z61149450792530704d4d3091988ec3fb20658733ca71c-17337959000931164362877.jpg', 'The Evolution of Cryptocurrency', '2024-12-12', 'Cryptocurrencies are revolutionizing the financial world.', 'From Bitcoin to decentralized finance, this article covers the latest in the world of digital currencies.', 18, 0, 1, 76);
INSERT INTO `news` VALUES (10, 10, 'https://cdn.tuoitre.vn/zoom/456_285/471584752817336320/2024/12/10/z61149450792530704d4d3091988ec3fb20658733ca71c-17337959000931164362877.jpg', 'The Role of AI in Education', '2024-12-13', 'AI is reshaping learning and teaching methods.', 'This article explores how AI-powered tools are transforming education, making it more personalized and accessible.', 11, 0, 1, 134);
INSERT INTO `news` VALUES (11, 1, 'https://cdn.tuoitre.vn/zoom/456_285/471584752817336320/2024/12/10/z61149450792530704d4d3091988ec3fb20658733ca71c-17337959000931164362877.jpg', 'Cybersecurity Trends for 2025', '2024-12-14', 'Cyber threats are becoming more sophisticated.', 'Discover key cybersecurity trends and how organizations can stay ahead of emerging threats.', 44, 1, 1, 203);
INSERT INTO `news` VALUES (12, 2, 'https://cdn.tuoitre.vn/zoom/456_285/471584752817336320/2024/12/10/z61149450792530704d4d3091988ec3fb20658733ca71c-17337959000931164362877.jpg', 'The Next Era of Smart Cities', '2024-12-15', 'Smart cities are leveraging AI and IoT for efficiency.', 'An exploration of how smart cities are using technology to improve urban living.', 43, 1, 1, 176);
INSERT INTO `news` VALUES (13, 3, 'https://cdn.tuoitre.vn/zoom/456_285/471584752817336320/2024/12/10/z61149450792530704d4d3091988ec3fb20658733ca71c-17337959000931164362877.jpg', 'Sustainability in Fashion', '2024-12-16', 'Fashion is embracing sustainable practices.', 'A discussion on sustainable materials, ethical practices, and the future of the fashion industry.', 42, 0, 1, 58);
INSERT INTO `news` VALUES (14, 4, 'https://cdn.tuoitre.vn/zoom/456_285/471584752817336320/2024/12/10/z61149450792530704d4d3091988ec3fb20658733ca71c-17337959000931164362877.jpg', 'Breakthroughs in Biotechnology', '2024-12-17', 'Biotech is driving innovation in medicine and agriculture.', 'Learn about the latest breakthroughs in biotechnology and their potential impact on society.', 41, 1, 1, 125);
INSERT INTO `news` VALUES (15, 5, 'https://cdn.tuoitre.vn/zoom/456_285/471584752817336320/2024/12/10/z61149450792530704d4d3091988ec3fb20658733ca71c-17337959000931164362877.jpg', 'Global Economic Trends for 2025', '2024-12-18', 'Analyzing key trends in the global economy.', 'This article delves into economic trends, challenges, and opportunities shaping the near future.', 40, 0, 1, 92);
INSERT INTO `news` VALUES (16, 30, '07Ukraine-Photo-Stack-Year-2-february-09-jtcv-superJumbo.png', 'Nga tố Ukraine gieo rắc \'nguyên tố của quỷ dữ\', Kiev bác bỏ ngay lập tức', '2024-06-15', 'Nga cáo buộc Ukraine thả đạn phốt pho trắng từ drone trong tháng 9 và có bằng chứng cho điều này. Đáp lại, Ukraine bác bỏ và tố ngược chính Nga mới là bên dùng nhiều chất hóa học bị cấm.', '<figure class=\"VCSortableInPreviewMode\" type=\"Photo\" style=\"font-size: medium; -webkit-font-smoothing: antialiased; text-rendering: geometricprecision; display: inline-block; flex-direction: column; margin-right: auto; margin-bottom: 15px; margin-left: auto; position: relative; transition: 0.3s ease-in-out; width: 730px; visibility: visible; overflow-wrap: break-word; cursor: default; max-width: 100%;\"><div style=\"text-align: center; -webkit-font-smoothing: antialiased; text-rendering: geometricprecision; outline: 0px;\"><a href=\"https://cdn.tuoitre.vn/471584752817336320/2024/12/18/phot-pho-trang-1734532879502942634961.jpg\" data-fancybox=\"content\" data-caption=\"Ảnh minh họa về sử dụng phốt pho trắng trong quân sự. Trong ảnh: Phốt pho trắng được Israel sử dụng trong chiến dịch quân sự tại biên giới Lebanon tháng 12-2023 - Ảnh: REUTERS\" rel=\"nofollow\" target=\"_blank\" style=\"-webkit-font-smoothing: antialiased; text-rendering: geometricprecision; text-decoration: none; color: rgb(34, 106, 197); outline: 0px !important;\"><img data-author=\"\" src=\"https://cdn.tuoitre.vn/thumb_w/730/471584752817336320/2024/12/18/phot-pho-trang-1734532879502942634961.jpg\" sizes=\"(max-width: 767px) 100vw, (max-width: 1023px) 800px, 1024px\" srcset=\"https://cdn.tuoitre.vn/thumb_w/480/471584752817336320/2024/12/18/phot-pho-trang-1734532879502942634961.jpg  480w,https://cdn.tuoitre.vn/thumb_w/800/471584752817336320/2024/12/18/phot-pho-trang-1734532879502942634961.jpg 800w,https://cdn.tuoitre.vn/thumb_w/1200/471584752817336320/2024/12/18/phot-pho-trang-1734532879502942634961.jpg 1200w\" id=\"img_793851271702851584\" w=\"2000\" h=\"1329\" alt=\"Nga tố Ukraine gieo rắc \'nguyên tố của quỷ dữ\', Kiev bác bỏ ngay lập tức - Ảnh 1.\" title=\"\" rel=\"lightbox\" photoid=\"793851271702851584\" data-original=\"https://cdn.tuoitre.vn/471584752817336320/2024/12/18/phot-pho-trang-1734532879502942634961.jpg\" type=\"photo\" width=\"2000\" height=\"1329\" fetchpriority=\"high\" class=\"lightbox-content\" style=\"-webkit-font-smoothing: antialiased; text-rendering: geometricprecision; width: 730px; max-width: 100%; display: inline-block; image-rendering: -webkit-optimize-contrast; color: transparent; height: auto; margin: 0px auto; vertical-align: top;\"></a><div id=\"wrapper-inimage-pos-sponsor-0\" style=\"-webkit-font-smoothing: antialiased; text-rendering: geometricprecision; outline: 0px;\"><div id=\"in-images\" style=\"-webkit-font-smoothing: antialiased; text-rendering: geometricprecision; outline: 0px;\"><div id=\"zone-joqxux31\" style=\"-webkit-font-smoothing: antialiased; text-rendering: geometricprecision; outline: 0px;\"><div id=\"share-joqxuxkg\" style=\"-webkit-font-smoothing: antialiased; text-rendering: geometricprecision; outline: 0px;\"></div></div></div></div></div><figcaption class=\"PhotoCMS_Caption\" style=\"-webkit-font-smoothing: antialiased; text-rendering: geometricprecision; max-width: 100%; background-image: initial; background-position: initial; background-size: initial; background-repeat: initial; background-attachment: initial; background-origin: initial; background-clip: initial; border-bottom: 1px solid rgb(242, 242, 242); padding: 8px 0px;\"><p data-placeholder=\"Nhập chú thích ảnh\" class=\"\" style=\"text-align: center; -webkit-font-smoothing: antialiased; text-rendering: geometricprecision; margin-right: 0px; margin-left: 0px; line-height: 22px; color: rgb(143, 143, 143); margin-bottom: 0px !important; font-size: 16px !important;\">Ảnh minh họa về sử dụng phốt pho trắng trong quân sự. Trong ảnh: Phốt pho trắng được Israel sử dụng trong chiến dịch quân sự tại biên giới Lebanon tháng 12-2023 - Ảnh: REUTERS</p></figcaption></figure><p style=\"font-size: medium; -webkit-font-smoothing: antialiased; text-rendering: geometricprecision; margin: 1em 0px;\">\"Các cơ quan thực thi pháp luật của Nga, cùng với Bộ Quốc phòng của chúng tôi, đã nhận được những bằng chứng không thể chối cãi về việc lực lượng vũ trang&nbsp;<a class=\"link-inline-content\" href=\"https://tuoitre.vn/ukraine.html\" title=\"Ukraine\" data-rel=\"follow\" style=\"-webkit-font-smoothing: antialiased; text-rendering: geometricprecision; text-decoration: none; color: rgb(34, 106, 197); outline: 0px;\">Ukraine</a>&nbsp;nhiều lần sử dụng đạn phốt pho trắng và thả chúng từ máy bay không người lái (drone) trong tháng 9 vừa qua\", người phát ngôn Bộ Ngoại giao Nga Maria Zakharova nhấn mạnh ngày 18-12.</p><p style=\"font-size: medium; -webkit-font-smoothing: antialiased; text-rendering: geometricprecision; margin: 1em 0px;\">Đại diện Bộ Ngoại giao Nga không trưng ra bằng chứng ngay lập tức, cũng như thông tin chi tiết loại vũ khí cấm này đã được sử dụng ở đâu, trên lãnh thổ Nga hay Ukraine đang có xung đột.</p><p style=\"font-size: medium; -webkit-font-smoothing: antialiased; text-rendering: geometricprecision; margin: 1em 0px;\">Phốt pho trắng là một trong những hóa chất đầu tiên được sử dụng trong công nghiệp. Tính chất dễ cháy khi tiếp xúc với không khí khiến ban đầu nó được dùng để sản xuất diêm.</p><p style=\"font-size: medium; -webkit-font-smoothing: antialiased; text-rendering: geometricprecision; margin: 1em 0px;\">Trong quân sự, phốt pho trắng được dùng để tạo màn khói hoặc làm vũ khí gây sát thương trên diện rộng. Phốt pho trắng khi gặp không khí sẽ bốc cháy, với nhiệt độ có thể lên tới 800 độ C gây bỏng rất nghiêm trọng khi tiếp xúc với da thịt, có thể \"cháy đến tận xương tủy\".</p><p style=\"font-size: medium; -webkit-font-smoothing: antialiased; text-rendering: geometricprecision; margin: 1em 0px;\">Vì sự nguy hiểm này với con người, phốt pho trắng còn được mệnh danh là \"nguyên tố của quỷ dữ\" và đã bị cấm sử dụng trong Công ước Geneve về bảo vệ các nạn nhân chiến tranh năm 1977. Tuy nhiên, nhiều quân đội vẫn có loại vũ khí kinh hoàng này trong kho dự trữ.</p><p style=\"font-size: medium; -webkit-font-smoothing: antialiased; text-rendering: geometricprecision; margin: 1em 0px;\">Việc sử dụng đạn hoặc bom phốt pho trắng vì thế gây ra tranh cãi dữ dội, thường là chủ đề cho những cáo buộc qua lại của các bên trong xung đột.</p><p style=\"-webkit-font-smoothing: antialiased; text-rendering: geometricprecision; margin: 1em 0px; color: rgb(34, 34, 34); font-family: Roboto; font-size: 17px;\">Quay trở lại cuộc xung đột Nga - Ukraine, đây không phải là lần đầu phốt pho trắng được đề cập.</p><p style=\"-webkit-font-smoothing: antialiased; text-rendering: geometricprecision; margin: 1em 0px; color: rgb(34, 34, 34); font-family: Roboto; font-size: 17px;\">\"Những lời cáo buộc của Nga là sai sự thật và vô nghĩa\", người phát ngôn Bộ Ngoại giao Ukraine Heorhii Tykhyi nói với Hãng tin Reuters trong một tuyên bố bằng văn bản ngày 18-12.</p><p style=\"-webkit-font-smoothing: antialiased; text-rendering: geometricprecision; margin: 1em 0px; color: rgb(34, 34, 34); font-family: Roboto; font-size: 17px;\">Đại diện Bộ Ngoại giao Ukraine kế đó tố ngược rằng chính Nga mới là bên sử dụng nhiều chất hóa học bị cấm trên chiến trường. Vị này đồng thời nhấn mạnh Ukraine luôn tuân thủ nghiêm túc mọi công ước về cấm phổ biến vũ khí hủy diệt hàng loạt và các chất cấm trong quân sự.</p><div class=\"VCSortableInPreviewMode alignCenter\" data-back=\"#FFFBF2\" data-border=\"#F2D1AA\" data-text-color=\"#333333\" id=\"ObjectBoxContent_1734529231881\" type=\"content\" style=\"-webkit-font-smoothing: antialiased; text-rendering: geometricprecision; outline: 0px; flex-direction: column; margin: 0px auto 15px; position: relative; transition: 0.3s ease-in-out; width: 730px; visibility: visible; overflow-wrap: break-word; cursor: default; max-width: 100%; border: 1px solid rgb(242, 209, 170); padding: 10px; font-family: Roboto; font-size: 17px; background-color: rgb(255, 251, 242); color: rgb(51, 51, 51);\"><div placeholder=\"Nhập nội dung...\" style=\"-webkit-font-smoothing: antialiased; text-rendering: geometricprecision; outline: 0px;\"><h2 style=\"-webkit-font-smoothing: antialiased; text-rendering: geometricprecision; margin: 0.5em 0px; line-height: 1.3; font-weight: 700; font-size: 25px;\">Nga: Kiểm soát vũ khí chiến lược chỉ còn là dĩ vãng</h2><p style=\"-webkit-font-smoothing: antialiased; text-rendering: geometricprecision; margin: 1em 0px 7px;\">Trong tuyên bố đăng trên website Bộ Quốc phòng Nga ngày 18-12, Tổng tham mưu trưởng quân đội Nga Valery Gerasimov cáo buộc Mỹ đã châm ngòi cho các cuộc xung đột trên toàn thế giới, đồng thời phá hoại các hiệp ước&nbsp;<a class=\"link-inline-content\" href=\"https://tuoitre.vn/quan-chuc-my-keu-goi-nga-trung-quoc-khong-de-ai-kiem-soat-vu-khi-hat-nhan-20240502125632013.htm\" title=\"kiểm soát vũ khí\" data-rel=\"follow\" style=\"-webkit-font-smoothing: antialiased; text-rendering: geometricprecision; text-decoration: none; color: rgb(34, 106, 197); outline: 0px;\">kiểm soát vũ khí</a>&nbsp;quan trọng ra đời trong Chiến tranh lạnh.</p><p style=\"-webkit-font-smoothing: antialiased; text-rendering: geometricprecision; margin: 1em 0px 7px;\">\"Việc kiểm soát vũ khí là chuyện dĩ vãng rồi, bởi chúng ta không thể quay lại mức độ tin tưởng tối thiểu lúc này khi phương Tây áp dụng tiêu chuẩn kép\", tướng Gerasimov nêu lập luận. Ông cũng cho biết Nga sẽ phát triển quan hệ với Trung Quốc, Ấn Độ, Iran, Triều Tiên và Venezuela để đáp trả phương Tây do Mỹ dẫn đầu.</p><p style=\"-webkit-font-smoothing: antialiased; text-rendering: geometricprecision; margin: 1em 0px 7px;\">Vị tướng này nói thêm rằng sau khi Ukraine tấn công lãnh thổ Nga vào tháng trước bằng tên lửa tầm xa do Mỹ cung cấp, Washington đã chính thức trở thành bên tham gia trực tiếp vào cuộc xung đột ở Ukraine.</p></div></div><div id=\"InreadPc\" style=\"font-size: medium; -webkit-font-smoothing: antialiased; text-rendering: geometricprecision; outline: 0px;\"><div id=\"zone-jnvk0c1v\" style=\"-webkit-font-smoothing: antialiased; text-rendering: geometricprecision; outline: 0px;\"><div id=\"share-jnvk0cro\" style=\"-webkit-font-smoothing: antialiased; text-rendering: geometricprecision; outline: 0px;\"><div id=\"placement-kzw6wavl\" revenue=\"cpm\" style=\"-webkit-font-smoothing: antialiased; text-rendering: geometricprecision; outline: 0px;\"><div id=\"banner-jnvk0c1v-kzw6wbik\" style=\"-webkit-font-smoothing: antialiased; text-rendering: geometricprecision; outline: 0px; min-height: 0px; min-width: 0px;\"><div id=\"slot-1-jnvk0c1v-kzw6wbik\" style=\"-webkit-font-smoothing: antialiased; text-rendering: geometricprecision; outline: 0px;\"><div style=\"-webkit-font-smoothing: antialiased; text-rendering: geometricprecision; outline: 0px; clear: both;\"></div><div class=\"gliaplayer-container styles-module_container_xuywD\" data-slot=\"adwell_tuoitre_desktop_ov\" data-article=\"tuoitre.vn\" data-occupied=\"2024-12-19T00:51:17.391Z\" data-test-id=\"gc-instream-slot\" data-gc-instream-style-scope=\"\" style=\"-webkit-font-smoothing: antialiased; text-rendering: geometricprecision; outline: 0px; font-size: 14px; font-family: system-ui, -apple-system, BlinkMacSystemFont, &quot;Segoe UI&quot;, Roboto, &quot;Helvetica Neue&quot;, Arial, sans-serif; line-height: normal; text-size-adjust: none; transition: unset; position: relative; margin: 0px auto; padding: 0px; z-index: unset; width: 640px;\"><div class=\"InstreamDom_root_21jVv\" data-ref=\"root\" data-test-id=\"gc-instream-root\" style=\"-webkit-font-smoothing: antialiased; text-rendering: geometricprecision; outline: 0px; transition: unset; margin-inline: unset; padding: 0px; position: relative; margin: 0px; border: 0px; font-style: inherit; font-variant: inherit; font-weight: inherit; font-stretch: inherit; font-size: var(--fontSize); line-height: inherit; font-family: inherit; font-optical-sizing: inherit; font-size-adjust: inherit; font-kerning: inherit; font-feature-settings: inherit; font-variation-settings: inherit; vertical-align: baseline; width: 640px; height: auto; --fontSize: 16px; --footerHeight: 32px; --advertisementsLabelHeight: 32px; --videoTitleHeight: 32px;\"><div class=\"InstreamDom_main_2Up_2\" data-gc-instream-float-sentry=\"\" style=\"-webkit-font-smoothing: antialiased; text-rendering: geometricprecision; outline: 0px; transition: unset; margin-inline: unset; padding: 0px; position: relative; margin: 0px; border: 0px; font: inherit; vertical-align: baseline; width: 640px; height: auto;\"><div class=\"InstreamDom_floater_3bZks\" data-ref=\"floater\" data-test-id=\"gc-instream-floater\" data-gc-instream-floating=\"false\" data-animation-name=\"none\" style=\"-webkit-font-smoothing: antialiased; text-rendering: geometricprecision; outline: 0px; transition: unset; margin-inline: unset; padding: 0px; position: relative; margin: 0px; border: 0px; font: inherit; vertical-align: baseline; width: 640px; height: auto; --floating-z-index: 99999999999999999999 !important; --floating-min-width: initial !important; --floating-min-height: unset !important; --floating-max-width: initial !important; --floating-max-height: unset !important; --floating-width: 320px !important; --floating-height: unset !important; --floating-top: 150px !important; --floating-bottom: initial !important; --floating-left: initial !important; --floating-right: 0 !important;\"><div class=\"InstreamDom_player_1y46y\" data-ref=\"player\" data-test-id=\"gc-instream-player\" data-arb-aspect-ratio=\"1.7777777777777777\" data-arb-resize-mode=\"compute-height\" style=\"-webkit-font-smoothing: antialiased; text-rendering: geometricprecision; outline: 0px; transition: unset; margin-inline: unset; padding: 0px; position: relative; margin: auto; border: 0px; font: inherit; vertical-align: baseline; z-index: 0; isolation: isolate; overflow: hidden; background: rgb(0, 0, 0); width: var(--arb-width) !important; height: var(--arb-computed-height) !important; --arb-width: 100% !important; --arb-height: auto !important; --arb-computed-width: 640px !important; --arb-computed-height: 360px !important;\"><div id=\"el-111923807\" class=\"styles-module_aspect-ratio-override_FfWVJ\" data-gc-plyr-style-scope=\"\" style=\"-webkit-font-smoothing: antialiased; text-rendering: geometricprecision; outline: 0px; transition: unset; margin-inline: unset; padding: 0px; position: relative; margin: 0px; border: 0px; font: inherit; vertical-align: baseline; width: 640px; height: 360px; isolation: isolate;\"><div tabindex=\"0\" class=\"plyr plyr--full-ui plyr--video plyr--html5 plyr--pip-supported plyr__poster-enabled plyr--playing plyr--hide-controls\" style=\"-webkit-font-smoothing: antialiased; text-rendering: geometricprecision; outline: 0px; transition: box-shadow 0.3s; margin-inline: unset; padding: 0px; position: relative; margin: 0px; border: 0px; font-style: inherit; font-variant-ligatures: inherit; font-variant-caps: inherit; font-variant-numeric: tabular-nums; font-variant-east-asian: inherit; font-variant-alternates: inherit; font-variant-position: inherit; font-variant-emoji: inherit; font-weight: var(--plyr-font-weight-regular, 400); font-stretch: inherit; font-size: inherit; line-height: var(--plyr-line-height, 1.7); font-family: var(--plyr-font-family, inherit); font-optical-sizing: inherit; font-size-adjust: inherit; font-kerning: inherit; font-feature-settings: inherit; font-variation-settings: inherit; vertical-align: baseline; width: 640px; height: 360px; align-items: center; direction: ltr; display: flex; flex-direction: column; max-width: 100%; min-width: 200px; text-shadow: none; z-index: 0; background: var(--plyr-video-background, var(--plyr-video-background, rgb(0, 0, 0))); overflow: hidden;\"><div class=\"plyr__controls\" style=\"-webkit-font-smoothing: antialiased; text-rendering: geometricprecision; box-sizing: inherit; outline: 0px; transition: opacity 0.4s ease-in-out, transform 0.4s ease-in-out; margin-inline: unset; padding-top: calc(var(--plyr-control-spacing, 10px) * 3.5); position: absolute; margin: 0px; border: 0px; font: inherit; vertical-align: baseline; align-items: center; display: flex; justify-content: flex-end; text-align: center; background: var(--plyr-video-controls-background, linear-gradient(rgba(0, 0, 0, 0), rgba(0, 0, 0, 0.75))); border-bottom-left-radius: inherit; border-bottom-right-radius: inherit; bottom: 0px; color: var(--plyr-video-control-color, #fff); left: 0px; right: 0px; z-index: 3; opacity: 0; pointer-events: none; transform: translateY(100%);\"><button class=\"plyr__controls__item plyr__control plyr__control--pressed\" type=\"button\" data-plyr=\"play\" aria-pressed=\"true\" aria-label=\"Pause\" style=\"-webkit-font-smoothing: antialiased; text-rendering: geometricprecision; box-sizing: inherit; outline: 0px; transition: 0.3s; background-image: initial; background-position: initial; background-size: initial; background-repeat: initial; background-attachment: initial; background-origin: initial; background-clip: initial; border-width: 0px; border-style: initial; border-color: initial; border-radius: var(--plyr-control-radius, 3px); flex-shrink: 0; overflow: visible; padding: calc(var(--plyr-control-spacing, 10px) * 0.7); position: relative; font-style: inherit; font-variant: inherit; font-weight: inherit; font-stretch: inherit; font-optical-sizing: inherit; font-size-adjust: inherit; font-kerning: inherit; font-feature-settings: inherit; font-variation-settings: inherit; width: auto; touch-action: manipulation; margin-right: auto;\"><svg class=\"icon--pressed\" aria-hidden=\"true\" focusable=\"false\"><use xlink:href=\"#plyr-pause\"></use></svg><br class=\"Apple-interchange-newline\"></button></div></div></div></div></div></div></div></div></div></div></div></div></div></div>', 10, 1, 0, 0);
INSERT INTO `news` VALUES (17, 27, 'ukraine.jpg', 'Tin tức thế giới 20-12: Nổ lớn gần Hạm đội phương Bắc của Nga; Ông Trump và Đức bàn chuyện Ukraine', NULL, 'Ông Trump và thủ tướng Đức nói xung đột Nga - Ukraine đã \'kéo dài quá lâu\'; Israel bị cáo buộc có \'hành vi diệt chủng\' và \'thanh lọc sắc tộc\' ở Gaza; Thái Lan tổ chức họp giữa Myanmar với các nước... là một số tin tức thế giới đáng chú ý sáng 20-12.', '<h2 style=\"-webkit-font-smoothing: antialiased; text-rendering: geometricprecision; margin: 0.5em 0px; line-height: 1.3; font-weight: 700; font-size: 25px; color: rgb(34, 34, 34); font-family: Roboto;\"><span style=\"-webkit-font-smoothing: antialiased; text-rendering: geometricprecision;\">Ông Trump và thủ tướng Đức: Xung đột Nga -&nbsp;<a class=\"link-inline-content\" href=\"https://tuoitre.vn/ong-putin-chi-mat-ukraine-vu-am-sat-trung-tuong-kirillov-20241219193908431.htm\" title=\"Ukraine\" data-rel=\"follow\" style=\"-webkit-font-smoothing: antialiased; text-rendering: geometricprecision; text-decoration: none; color: rgb(34, 106, 197); outline: 0px;\">Ukraine</a>&nbsp;đã \"kéo dài quá lâu\"</span></h2><p class=\"\" style=\"-webkit-font-smoothing: antialiased; text-rendering: geometricprecision; margin: 1em 0px; color: rgb(34, 34, 34); font-family: Roboto; font-size: 17px;\">Ngày 19-12, Thủ tướng Đức Olaf Scholz đã có cuộc điện đàm với Tổng thống đắc cử Mỹ Donald Trump, với nội dung trao đổi tập trung vào \"những thách thức đối với chính sách an ninh ở châu Âu\", trong đó đề cập về cuộc xung đột Ukraine - Nga.</p><p class=\"\" style=\"-webkit-font-smoothing: antialiased; text-rendering: geometricprecision; margin: 1em 0px; color: rgb(34, 34, 34); font-family: Roboto; font-size: 17px;\">Theo báo&nbsp;<i style=\"-webkit-font-smoothing: antialiased; text-rendering: geometricprecision;\">Ukrainska Pravda</i>, người phát ngôn Chính phủ Đức Steffen Hebestreit cho biết hai bên \"nhất trí rằng&nbsp;<a class=\"file-download-link\" href=\"https://tuoitre.vn/ukraine-tuyen-bo-da-phat-trien-vu-khi-laser-co-the-ban-ha-may-bay-o-do-cao-2km-20241219160016188.htm\" ref=\"nofollow\" target=\"_blank\" title=\"xung đột Nga - Ukraine\" style=\"-webkit-font-smoothing: antialiased; text-rendering: geometricprecision; text-decoration: none; color: rgb(34, 106, 197); outline: 0px;\">xung đột Nga - Ukraine</a>&nbsp;đã diễn ra quá lâu và điều cần làm là tiến nhanh nhất có thể tới một nền hòa bình chính đáng, bình đẳng và lâu dài\".</p><div class=\"VCSortableInPreviewMode alignRight\" type=\"RelatedNewsBox\" data-relatednewsboxtype=\"type-1\" data-style=\"align-right\" relatednewsboxtype=\"type-1\" style=\"-webkit-font-smoothing: antialiased; text-rendering: geometricprecision; outline: 0px; display: inline-block; flex-direction: column; margin: 0px auto 15px 15px; position: relative; transition: 0.3s ease-in-out; width: 328.5px; visibility: visible; overflow-wrap: break-word; cursor: default; max-width: 100%; float: right; color: rgb(34, 34, 34); font-family: Roboto; font-size: 17px;\"><div class=\"kbwscwl-relatedbox type-1 tuoitre\" style=\"-webkit-font-smoothing: antialiased; text-rendering: geometricprecision; outline: 0px; float: right; margin-bottom: 0px; width: 328.5px;\"><ul class=\"kbwscwlr-list\" style=\"-webkit-font-smoothing: antialiased; text-rendering: geometricprecision; list-style: none; padding: 0px; margin-right: 0px; margin-bottom: 0px; margin-left: 0px;\"><li class=\"kbwscwlrl\" data-date=\"19/12/2024 21:24\" data-id=\"20241219211416138\" data-avatar=\"https://cdn.tuoitre.vn/471584752817336320/2024/12/19/2024-12-19t140950z146209764rc2dsba17opirtrmadp3russia-putin-1734617452094843929450-0-0-1250-2000-crop-17346176329122117396693.jpg\" data-url=\"/ong-putin-bat-ngo-tuyen-bo-se-cho-ong-zelensky-ti-nan-chinh-tri-20241219211416138.htm\" data-title=\"Ông Putin bất ngờ tuyên bố sẽ cho ông Zelensky tị nạn chính trị\" style=\"-webkit-font-smoothing: antialiased; text-rendering: geometricprecision;\"><a target=\"_blank\" href=\"https://tuoitre.vn/ong-putin-bat-ngo-tuyen-bo-se-cho-ong-zelensky-ti-nan-chinh-tri-20241219211416138.htm\" class=\"kbwscwlrl-thumb link-callout\" style=\"-webkit-font-smoothing: antialiased; text-rendering: geometricprecision; text-decoration: none; color: rgb(34, 106, 197); outline: 0px; display: block;\"><img src=\"https://cdn.tuoitre.vn/thumb_w/730/471584752817336320/2024/12/19/2024-12-19t140950z146209764rc2dsba17opirtrmadp3russia-putin-1734617452094843929450-0-0-1250-2000-crop-17346176329122117396693.jpg\" alt=\"Tin tức thế giới 20-12: Nổ lớn gần Hạm đội phương Bắc của Nga; Ông Trump và Đức bàn chuyện Ukraine - Ảnh 2.\" title=\"\" loading=\"lazy\" width=\"100%\" height=\"auto\" style=\"-webkit-font-smoothing: antialiased; text-rendering: geometricprecision; width: 328.5px; max-width: 100%; display: block; image-rendering: -webkit-optimize-contrast; color: transparent; height: auto;\"></a><h4 class=\"kbwscwlrl-title clearfix\" style=\"-webkit-font-smoothing: antialiased; text-rendering: geometricprecision; margin-right: 0px; margin-bottom: 0px; margin-left: 0px; clear: both; line-height: 1.3; font-weight: 700; font-size: 21px; padding: 10px 7px 7px 10px; background: rgb(234, 234, 234);\"><a target=\"_blank\" href=\"https://tuoitre.vn/ong-putin-bat-ngo-tuyen-bo-se-cho-ong-zelensky-ti-nan-chinh-tri-20241219211416138.htm\" class=\"title link-callout\" style=\"-webkit-font-smoothing: antialiased; text-rendering: geometricprecision; text-decoration: none; color: rgb(51, 51, 51); outline: 0px; font-size: 16px; margin-bottom: 5px; display: block; line-height: 26px;\">Ông Putin bất ngờ tuyên bố sẽ cho ông Zelensky tị nạn chính trị</a><a target=\"_blank\" href=\"https://tuoitre.vn/ong-putin-bat-ngo-tuyen-bo-se-cho-ong-zelensky-ti-nan-chinh-tri-20241219211416138.htm\" class=\"kbwscwlrl-next link-callout\" style=\"-webkit-font-smoothing: antialiased; text-rendering: geometricprecision; text-decoration: none; color: rgb(121, 118, 113); outline: 0px; display: flex; float: right; font-size: 15px; height: 36px; line-height: 36px; text-transform: uppercase; width: 130px; border: 1px solid rgb(227, 227, 227); box-shadow: rgb(221, 221, 221) 4px 4px 6px -2px; background-image: unset; background-position: unset; background-size: unset; background-repeat: unset; background-attachment: unset; background-origin: unset; background-clip: unset; background-color: rgb(255, 255, 255); border-radius: 25px; position: relative; min-width: 130px; align-items: center; justify-content: space-around;\"><span class=\"text\" style=\"-webkit-font-smoothing: antialiased; text-rendering: geometricprecision; font-size: 14px; color: rgb(50, 50, 50); margin-right: 20px;\">ĐỌC NGAY</span><div class=\"arrow-wrap\" style=\"-webkit-font-smoothing: antialiased; text-rendering: geometricprecision; outline: 0px;\"><i class=\"fi fi-arrow-right\" style=\"-webkit-font-smoothing: antialiased; text-rendering: geometricprecision;\"></i></div></a></h4></li></ul></div></div><p class=\"\" style=\"-webkit-font-smoothing: antialiased; text-rendering: geometricprecision; margin: 1em 0px; color: rgb(34, 34, 34); font-family: Roboto; font-size: 17px;\">Đồng thời, Thủ tướng Scholz khẳng định Đức sẽ tiếp tục hỗ trợ&nbsp;<a class=\"link-inline-content\" href=\"https://tuoitre.vn/ukraine.html\" title=\"Ukraine\" data-rel=\"follow\" style=\"-webkit-font-smoothing: antialiased; text-rendering: geometricprecision; text-decoration: none; color: rgb(34, 106, 197); outline: 0px;\">Ukraine</a>&nbsp;trong việc phòng thủ trước cuộc tấn công của Nga \"miễn là cần thiết\".</p><h2 class=\"\" style=\"-webkit-font-smoothing: antialiased; text-rendering: geometricprecision; margin: 0.5em 0px; line-height: 1.3; font-weight: 700; font-size: 25px; color: rgb(34, 34, 34); font-family: Roboto;\"><span style=\"-webkit-font-smoothing: antialiased; text-rendering: geometricprecision;\">Nổ gần căn cứ Hạm đội phương Bắc của Nga ở tỉnh Murmansk, tây bắc Nga</span></h2><p class=\"\" style=\"-webkit-font-smoothing: antialiased; text-rendering: geometricprecision; margin: 1em 0px; color: rgb(34, 34, 34); font-family: Roboto; font-size: 17px;\">Người dân TP Murmansk (tỉnh Murmansk) và Severomorsk, cách đó 12km, thuật lại đã xảy ra hai vụ nổ mạnh vào tối 19-12. Báo&nbsp;<i style=\"-webkit-font-smoothing: antialiased; text-rendering: geometricprecision;\">Ukrainska Pravda</i>&nbsp;(Ukraine) dẫn thông tin từ Hãng tin Agentstvo của Nga cho biết các vụ nổ có thể đã xảy ra ở khu vực căn cứ hải quân chính thuộc Hạm đội phương Bắc của Nga.</p><p class=\"\" style=\"-webkit-font-smoothing: antialiased; text-rendering: geometricprecision; margin: 1em 0px; color: rgb(34, 34, 34); font-family: Roboto; font-size: 17px;\">Các vụ nổ được ghi nhận vào khoảng 17h30 chiều 19-12 và một video sau đó đã được đăng lên mạng xã hội.</p><p class=\"\" style=\"-webkit-font-smoothing: antialiased; text-rendering: geometricprecision; margin: 1em 0px; color: rgb(34, 34, 34); font-family: Roboto; font-size: 17px;\">Báo&nbsp;<i style=\"-webkit-font-smoothing: antialiased; text-rendering: geometricprecision;\">Barents Observer</i>&nbsp;(Na Uy) cho biết địa điểm trong đoạn video nằm cách sân bay quân sự Severomorsk-1 khoảng 13km. Sân bay này là nơi có một đội máy bay chiến đấu, máy bay ném bom và trực thăng Ka-27.</p><p class=\"\" style=\"-webkit-font-smoothing: antialiased; text-rendering: geometricprecision; margin: 1em 0px; color: rgb(34, 34, 34); font-family: Roboto; font-size: 17px;\">Một kho vũ khí cũng nằm cách địa điểm này khoảng 11km, và về phía tây bắc của sân bay Severomorsk-1, có một số cơ sở chứa tên lửa phòng không di động và ăng ten tác chiến điện tử.</p><p class=\"\" style=\"-webkit-font-smoothing: antialiased; text-rendering: geometricprecision; margin: 1em 0px; color: rgb(34, 34, 34); font-family: Roboto; font-size: 17px;\">Theo các báo cáo của truyền thông, vụ nổ trong video giống với một vụ nổ lượng lớn đạn dược. Được biết Hạm đội phương Bắc của Nga có các tàu chở tên lửa Kalibr, loại tên lửa mà Nga đã phóng vào Ukraine trong suốt xung đột giữa hai nước.<br><br></p><h2 class=\"\" style=\"-webkit-font-smoothing: antialiased; text-rendering: geometricprecision; margin: 0.5em 0px; line-height: 1.3; font-weight: 700; font-size: 25px; color: rgb(34, 34, 34); font-family: Roboto;\"><span style=\"-webkit-font-smoothing: antialiased; text-rendering: geometricprecision;\">Nga tuyên án 21 năm tù với 2 người bị cáo buộc làm việc cho Ukraine</span></h2><p class=\"\" style=\"-webkit-font-smoothing: antialiased; text-rendering: geometricprecision; margin: 1em 0px; color: rgb(34, 34, 34); font-family: Roboto; font-size: 17px;\">Theo Hãng tin AFP sáng 20-12, một tòa án quân sự Nga vừa tuyên 21 năm tù với 2 người vì đã lên các kế hoạch tấn công theo lệnh của&nbsp;<a class=\"file-download-link\" href=\"https://tuoitre.vn/ong-putin-chi-mat-ukraine-vu-am-sat-trung-tuong-kirillov-20241219193908431.htm\" ref=\"nofollow\" target=\"_blank\" title=\"Ukraine\" style=\"-webkit-font-smoothing: antialiased; text-rendering: geometricprecision; text-decoration: none; color: rgb(34, 106, 197); outline: 0px;\">Ukraine</a>.</p><p class=\"\" style=\"-webkit-font-smoothing: antialiased; text-rendering: geometricprecision; margin: 1em 0px; color: rgb(34, 34, 34); font-family: Roboto; font-size: 17px;\">Bà Viktoria Shinkarchuk, một cựu quan chức chính quyền địa phương ở vùng Belgorod của Nga, và một người khác tên Alexander Kholodkov đã bị bỏ tù. Cả hai đều bị kết tội tham gia vào một nhóm khủng bố, sở hữu chất nổ bất hợp pháp, buôn lậu chất nổ và lên kế hoạch cho một vụ nổ hoặc hành động khủng bố.</p><div class=\"VCSortableInPreviewMode alignRight\" type=\"RelatedNewsBox\" data-relatednewsboxtype=\"type-1\" data-style=\"align-right\" relatednewsboxtype=\"type-1\" style=\"-webkit-font-smoothing: antialiased; text-rendering: geometricprecision; outline: 0px; display: inline-block; flex-direction: column; margin: 0px auto 15px 15px; position: relative; transition: 0.3s ease-in-out; width: 328.5px; visibility: visible; overflow-wrap: break-word; cursor: default; max-width: 100%; float: right; color: rgb(34, 34, 34); font-family: Roboto; font-size: 17px;\"><div class=\"kbwscwl-relatedbox type-1 tuoitre\" style=\"-webkit-font-smoothing: antialiased; text-rendering: geometricprecision; outline: 0px; float: right; margin-bottom: 0px; width: 328.5px;\"><ul class=\"kbwscwlr-list\" style=\"-webkit-font-smoothing: antialiased; text-rendering: geometricprecision; list-style: none; padding: 0px; margin-right: 0px; margin-bottom: 0px; margin-left: 0px;\"><li class=\"kbwscwlrl\" data-date=\"19/12/2024 23:25\" data-id=\"20241219230906858\" data-avatar=\"https://cdn.tuoitre.vn/471584752817336320/2024/12/19/2024-12-19t135629z1911265742rc2dsbaz9sv4rtrmadp3russia-putin-1734618328771567687990-83-0-1333-2000-crop-17346243277821078418559.jpg\" data-url=\"/ong-putin-pha-vo-su-im-lang-ve-bien-dong-o-syria-tiet-lo-nhieu-thong-tin-20241219230906858.htm\" data-title=\"Ông Putin phá vỡ sự im lặng về biến động ở Syria, tiết lộ nhiều thông tin\" style=\"-webkit-font-smoothing: antialiased; text-rendering: geometricprecision;\"><a target=\"_blank\" href=\"https://tuoitre.vn/ong-putin-pha-vo-su-im-lang-ve-bien-dong-o-syria-tiet-lo-nhieu-thong-tin-20241219230906858.htm\" class=\"kbwscwlrl-thumb link-callout\" style=\"-webkit-font-smoothing: antialiased; text-rendering: geometricprecision; text-decoration: none; color: rgb(34, 106, 197); outline: 0px; display: block;\"><img src=\"https://cdn.tuoitre.vn/thumb_w/730/471584752817336320/2024/12/19/2024-12-19t135629z1911265742rc2dsbaz9sv4rtrmadp3russia-putin-1734618328771567687990-83-0-1333-2000-crop-17346243277821078418559.jpg\" alt=\"Tin tức thế giới 20-12: Nổ lớn gần Hạm đội phương Bắc của Nga; Ông Trump và Đức bàn chuyện Ukraine - Ảnh 3.\" title=\"\" loading=\"lazy\" width=\"100%\" height=\"auto\" style=\"-webkit-font-smoothing: antialiased; text-rendering: geometricprecision; width: 328.5px; max-width: 100%; display: block; image-rendering: -webkit-optimize-contrast; color: transparent; height: auto;\"></a><h4 class=\"kbwscwlrl-title clearfix\" style=\"-webkit-font-smoothing: antialiased; text-rendering: geometricprecision; margin-right: 0px; margin-bottom: 0px; margin-left: 0px; clear: both; line-height: 1.3; font-weight: 700; font-size: 21px; padding: 10px 7px 7px 10px; background: rgb(234, 234, 234);\"><a target=\"_blank\" href=\"https://tuoitre.vn/ong-putin-pha-vo-su-im-lang-ve-bien-dong-o-syria-tiet-lo-nhieu-thong-tin-20241219230906858.htm\" class=\"title link-callout\" style=\"-webkit-font-smoothing: antialiased; text-rendering: geometricprecision; text-decoration: none; color: rgb(51, 51, 51); outline: 0px; font-size: 16px; margin-bottom: 5px; display: block; line-height: 26px;\">Ông Putin phá vỡ sự im lặng về biến động ở Syria, tiết lộ nhiều thông tin</a><a target=\"_blank\" href=\"https://tuoitre.vn/ong-putin-pha-vo-su-im-lang-ve-bien-dong-o-syria-tiet-lo-nhieu-thong-tin-20241219230906858.htm\" class=\"kbwscwlrl-next link-callout\" style=\"-webkit-font-smoothing: antialiased; text-rendering: geometricprecision; text-decoration: none; color: rgb(121, 118, 113); outline: 0px; display: flex; float: right; font-size: 15px; height: 36px; line-height: 36px; text-transform: uppercase; width: 130px; border: 1px solid rgb(227, 227, 227); box-shadow: rgb(221, 221, 221) 4px 4px 6px -2px; background-image: unset; background-position: unset; background-size: unset; background-repeat: unset; background-attachment: unset; background-origin: unset; background-clip: unset; background-color: rgb(255, 255, 255); border-radius: 25px; position: relative; min-width: 130px; align-items: center; justify-content: space-around;\"><span class=\"text\" style=\"-webkit-font-smoothing: antialiased; text-rendering: geometricprecision; font-size: 14px; color: rgb(50, 50, 50); margin-right: 20px;\">ĐỌC NGAY</span><div class=\"arrow-wrap\" style=\"-webkit-font-smoothing: antialiased; text-rendering: geometricprecision; outline: 0px;\"><i class=\"fi fi-arrow-right\" style=\"-webkit-font-smoothing: antialiased; text-rendering: geometricprecision;\"></i></div></a></h4></li></ul></div></div><p class=\"\" style=\"-webkit-font-smoothing: antialiased; text-rendering: geometricprecision; margin: 1em 0px; color: rgb(34, 34, 34); font-family: Roboto; font-size: 17px;\">Các công tố viên cho biết hai người này từng nhận tiền từ đối tác cũ của bà Shinkarchuk sống tại Ukraine vào tháng 9-2022. Tổng cục An ninh liên bang Nga (FSB) cho biết số tiền này được dùng nhằm dàn dựng các cuộc tấn công.</p><div id=\"InreadPc\" style=\"-webkit-font-smoothing: antialiased; text-rendering: geometricprecision; outline: 0px; color: rgb(34, 34, 34); font-family: Roboto; font-size: 17px;\"><div id=\"zone-jnvk0c1v\" style=\"-webkit-font-smoothing: antialiased; text-rendering: geometricprecision; outline: 0px;\"><div id=\"share-jnvk0cro\" style=\"-webkit-font-smoothing: antialiased; text-rendering: geometricprecision; outline: 0px;\"></div></div></div><h2 class=\"\" style=\"-webkit-font-smoothing: antialiased; text-rendering: geometricprecision; margin: 0.5em 0px; line-height: 1.3; font-weight: 700; font-size: 25px; color: rgb(34, 34, 34); font-family: Roboto;\"><span style=\"-webkit-font-smoothing: antialiased; text-rendering: geometricprecision;\">Bị cáo buộc có \"hành vi diệt chủng\" và \"thanh lọc sắc tộc\" ở Gaza, Israel bác bỏ</span></h2><p class=\"\" style=\"-webkit-font-smoothing: antialiased; text-rendering: geometricprecision; margin: 1em 0px; color: rgb(34, 34, 34); font-family: Roboto; font-size: 17px;\">Ngày 19-12, Israel đối mặt với cáo buộc có \"hành vi diệt chủng\" và có \"dấu hiệu thanh lọc sắc tộc\" trong các cuộc tấn công quân sự của quân đội nước này ở&nbsp;<a class=\"file-download-link\" href=\"https://tuoitre.vn/my-cong-bo-vong-dam-phan-moi-cho-hoa-binh-o-gaza-20241024204415572.htm\" ref=\"nofollow\" target=\"_blank\" title=\"Dải Gaza\" style=\"-webkit-font-smoothing: antialiased; text-rendering: geometricprecision; text-decoration: none; color: rgb(34, 106, 197); outline: 0px;\">Dải Gaza</a>&nbsp;- những cáo buộc mà chính quyền Israel gọi là \"nói dối\", theo Hãng tin AFP.</p><p class=\"\" style=\"-webkit-font-smoothing: antialiased; text-rendering: geometricprecision; margin: 1em 0px; color: rgb(34, 34, 34); font-family: Roboto; font-size: 17px;\">Đây là các cáo buộc mới nhất trong một loạt cáo buộc nhắm vào&nbsp;<a class=\"link-inline-content\" href=\"https://tuoitre.vn/israel.html\" title=\"Israel\" data-rel=\"follow\" style=\"-webkit-font-smoothing: antialiased; text-rendering: geometricprecision; text-decoration: none; color: rgb(34, 106, 197); outline: 0px;\">Israel</a>&nbsp;trong cuộc chiến kéo dài 14 tháng qua của quân đội Israel chống lại phong trào Hồi giáo Hamas ở Dải Gaza.</p><p class=\"\" style=\"-webkit-font-smoothing: antialiased; text-rendering: geometricprecision; margin: 1em 0px; color: rgb(34, 34, 34); font-family: Roboto; font-size: 17px;\">Trong báo cáo tập trung về nguồn nước, Tổ chức Theo dõi nhân quyền (HRW) có trụ sở tại New York, Mỹ đã nêu chi tiết những gì họ gọi là những nỗ lực cố ý của chính quyền Israel \"mang tính hệ thống\" nhằm tước đoạt nước của người dân Gaza, và điều này \"có khả năng đã gây ra hàng ngàn ca tử vong và có thể sẽ tiếp tục gây chết chóc\".</p><figure class=\"VCSortableInPreviewMode\" type=\"Photo\" style=\"-webkit-font-smoothing: antialiased; text-rendering: geometricprecision; display: inline-block; flex-direction: column; margin-right: auto; margin-bottom: 15px; margin-left: auto; position: relative; transition: 0.3s ease-in-out; width: 730px; visibility: visible; overflow-wrap: break-word; cursor: default; max-width: 100%; color: rgb(34, 34, 34); font-family: Roboto; font-size: 17px;\"><div style=\"-webkit-font-smoothing: antialiased; text-rendering: geometricprecision; outline: 0px;\"><a href=\"https://cdn.tuoitre.vn/471584752817336320/2024/12/20/dai-gaza-17346499266131644752035.jpg\" data-fancybox=\"content\" data-caption=\"Makram Hamdouna, một phụ nữ Palestine phải di dời vì xung đột Israel - Hamas, đang mang một thùng đựng nước bên ngoài nơi trú ẩn của mình tại Khan Younis, phía nam Dải Gaza, ngày 19-12 - Ảnh: REUTERS\" rel=\"nofollow\" target=\"_blank\" style=\"-webkit-font-smoothing: antialiased; text-rendering: geometricprecision; text-decoration: none; color: rgb(34, 106, 197); outline: 0px !important;\"><img data-author=\"\" src=\"https://cdn.tuoitre.vn/thumb_w/730/471584752817336320/2024/12/20/dai-gaza-17346499266131644752035.jpg\" sizes=\"(max-width: 767px) 100vw, (max-width: 1023px) 800px, 1024px\" srcset=\"https://cdn.tuoitre.vn/thumb_w/480/471584752817336320/2024/12/20/dai-gaza-17346499266131644752035.jpg  480w,https://cdn.tuoitre.vn/thumb_w/800/471584752817336320/2024/12/20/dai-gaza-17346499266131644752035.jpg 800w,https://cdn.tuoitre.vn/thumb_w/1200/471584752817336320/2024/12/20/dai-gaza-17346499266131644752035.jpg 1200w\" id=\"img_794342167515873280\" w=\"2000\" h=\"1333\" alt=\"Tin tức thế giới 20-12: Nổ lớn gần Hạm đội phương Bắc của Nga; Ông Trump và Đức bàn chuyện Ukraine - Ảnh 4.\" title=\"\" rel=\"lightbox\" photoid=\"794342167515873280\" data-original=\"https://cdn.tuoitre.vn/471584752817336320/2024/12/20/dai-gaza-17346499266131644752035.jpg\" type=\"photo\" width=\"2000\" height=\"1333\" loading=\"lazy\" class=\"lightbox-content\" style=\"-webkit-font-smoothing: antialiased; text-rendering: geometricprecision; width: 730px; max-width: 100%; display: inline-block; image-rendering: -webkit-optimize-contrast; color: transparent; height: auto; margin: 0px auto; vertical-align: top;\"></a></div><figcaption class=\"PhotoCMS_Caption\" style=\"-webkit-font-smoothing: antialiased; text-rendering: geometricprecision; max-width: 100%; background-image: initial; background-position: initial; background-size: initial; background-repeat: initial; background-attachment: initial; background-origin: initial; background-clip: initial; border-bottom: 1px solid rgb(242, 242, 242); padding: 8px 0px;\"><p data-placeholder=\"Nhập chú thích ảnh\" style=\"-webkit-font-smoothing: antialiased; text-rendering: geometricprecision; margin-right: 0px; margin-left: 0px; line-height: 22px; color: rgb(143, 143, 143); margin-bottom: 0px !important; font-size: 16px !important;\">Makram Hamdouna, một phụ nữ Palestine phải di dời vì xung đột Israel - Hamas, đang mang một thùng đựng nước bên ngoài nơi trú ẩn của mình tại Khan Younis, phía nam Dải Gaza, ngày 19-12 - Ảnh: REUTERS</p></figcaption></figure><p class=\"\" style=\"-webkit-font-smoothing: antialiased; text-rendering: geometricprecision; margin: 1em 0px; color: rgb(34, 34, 34); font-family: Roboto; font-size: 17px;\">Đáp trả, Bộ Ngoại giao Israel nói: \"Tổ chức Theo dõi nhân quyền một lần nữa lại lan truyền những lời vu khống nhằm thúc đẩy tuyên truyền chống Israel. Kể từ khi chiến tranh nổ ra, Israel đã tạo điều kiện cho nguồn nước và viện trợ nhân đạo liên tục chảy vào Dải Gaza, mặc dù hoạt động dưới các cuộc tấn công liên tục của Hamas\".</p><p class=\"\" style=\"-webkit-font-smoothing: antialiased; text-rendering: geometricprecision; margin: 1em 0px; color: rgb(34, 34, 34); font-family: Roboto; font-size: 17px;\">Trong một báo cáo riêng vào ngày 19-12, tổ chức Bác sĩ không biên giới (MSF) cáo buộc Israel gây ra sự tàn phá trên diện rộng ở Dải Gaza và lưu ý đã có \"những dấu hiệu thanh lọc sắc tộc\" ở phía bắc dải đất này. Bộ Ngoại giao Israel đã chỉ trích cái gọi là báo cáo \"bịa đặt\" của MSF.</p><h3 class=\"\" style=\"-webkit-font-smoothing: antialiased; text-rendering: geometricprecision; margin: 0.5em 0px; line-height: 1.3; font-weight: 700; font-size: 23px; color: rgb(34, 34, 34); font-family: Roboto;\"><span style=\"-webkit-font-smoothing: antialiased; text-rendering: geometricprecision;\">Mỹ điều chỉnh số liệu tăng trưởng kinh tế quý 3-2024</span></h3><p class=\"\" style=\"-webkit-font-smoothing: antialiased; text-rendering: geometricprecision; margin: 1em 0px; color: rgb(34, 34, 34); font-family: Roboto; font-size: 17px;\">Theo phóng viên TTXVN tại Washington, ngày 19-12, Bộ Thương mại Mỹ đã công bố các số liệu ước tính mới về tình hình kinh tế quý 3-2024, theo đó nền kinh tế Mỹ đã tăng trưởng nhanh hơn ước tính trước đó nhờ chi tiêu tiêu dùng mạnh mẽ.</p><div class=\"VCSortableInPreviewMode  alignRight\" type=\"RelatedNewsBox\" data-style=\"align-right\" relatednewsboxtype=\"type-2\" style=\"-webkit-font-smoothing: antialiased; text-rendering: geometricprecision; outline: 0px; display: inline-block; flex-direction: column; margin: 0px auto 15px 15px; position: relative; transition: 0.3s ease-in-out; width: 328.5px; visibility: visible; overflow-wrap: break-word; cursor: default; max-width: 100%; float: right; color: rgb(34, 34, 34); font-family: Roboto; font-size: 17px;\"><div class=\"kbwscwl-relatedbox type-2 tuoitre\" style=\"-webkit-font-smoothing: antialiased; text-rendering: geometricprecision; outline: 0px; float: right; margin-bottom: 0px; border-top: 3px solid rgb(237, 28, 36); border-bottom: 3px solid rgb(237, 28, 36); width: 328.5px;\"><ul class=\"kbwscwlr-list\" style=\"-webkit-font-smoothing: antialiased; text-rendering: geometricprecision; list-style: none; padding: 0px; margin-right: 0px; margin-bottom: 0px; margin-left: 0px;\"><li class=\"kbwscwlrl\" data-date=\"19/12/2024 17:10\" data-id=\"20241219165252994\" data-avatar=\"https://cdn.tuoitre.vn/471584752817336320/2024/12/19/san-bay-1734601705443173355604-0-69-653-1114-crop-17346017601671172548397.jpg\" data-url=\"/trung-quoc-xay-san-bay-lon-nhat-the-gioi-tren-dao-nhan-tao-20241219165252994.htm\" data-title=\"Trung Quốc xây sân bay lớn nhất thế giới trên đảo nhân tạo\" style=\"-webkit-font-smoothing: antialiased; text-rendering: geometricprecision; list-style-position: initial; list-style-image: initial; color: rgb(237, 28, 36); margin-left: 15px; padding: 20px 0px; border-bottom: 1px solid rgb(226, 226, 226); list-style-type: disc !important;\"><h4 class=\"kbwscwlrl-title\" style=\"-webkit-font-smoothing: antialiased; text-rendering: geometricprecision; line-height: 1.3; font-weight: 700; font-size: 21px; margin-right: 0px !important; margin-bottom: 0px !important; margin-left: 0px !important; padding: 0px !important;\"><a target=\"_blank\" href=\"https://tuoitre.vn/trung-quoc-xay-san-bay-lon-nhat-the-gioi-tren-dao-nhan-tao-20241219165252994.htm\" class=\"title link-callout\" style=\"-webkit-font-smoothing: antialiased; text-rendering: geometricprecision; text-decoration: none; color: rgb(51, 51, 51); outline: 0px; font-size: 16px; margin-bottom: 5px; display: block; line-height: 19px;\">Trung Quốc xây sân bay lớn nhất thế giới trên đảo nhân tạo</a></h4></li><li class=\"kbwscwlrl\" data-date=\"19/12/2024 17:08\" data-id=\"20241219163322555\" data-avatar=\"https://cdn.tuoitre.vn/471584752817336320/2024/12/19/anh-man-hinh-2024-12-19-luc-161844-17346001027011483967050-0-0-1111-1778-crop-1734600323014466995389.png\" data-url=\"/google-maps-giup-pha-vu-an-mang-tai-tay-ban-nha-20241219163322555.htm\" data-title=\"Google Maps giúp phá vụ án mạng tại Tây Ban Nha\" style=\"-webkit-font-smoothing: antialiased; text-rendering: geometricprecision; list-style-position: initial; list-style-image: initial; color: rgb(237, 28, 36); margin-left: 15px; padding: 20px 0px; border-bottom: 1px solid rgb(226, 226, 226); list-style-type: disc !important;\"><h4 class=\"kbwscwlrl-title\" style=\"-webkit-font-smoothing: antialiased; text-rendering: geometricprecision; line-height: 1.3; font-weight: 700; font-size: 21px; margin-right: 0px !important; margin-bottom: 0px !important; margin-left: 0px !important; padding: 0px !important;\"><a target=\"_blank\" href=\"https://tuoitre.vn/google-maps-giup-pha-vu-an-mang-tai-tay-ban-nha-20241219163322555.htm\" class=\"title link-callout\" style=\"-webkit-font-smoothing: antialiased; text-rendering: geometricprecision; text-decoration: none; color: rgb(51, 51, 51); outline: 0px; font-size: 16px; margin-bottom: 5px; display: block; line-height: 19px;\">Google Maps giúp phá vụ án mạng tại Tây Ban Nha</a></h4></li></ul></div></div><p class=\"\" style=\"-webkit-font-smoothing: antialiased; text-rendering: geometricprecision; margin: 1em 0px; color: rgb(34, 34, 34); font-family: Roboto; font-size: 17px;\">Trong ước tính mới của Bộ Thương mại Mỹ, tổng sản phẩm quốc nội (GDP) của nước này đã tăng trưởng 3,1% trong quý 3-2024, cao hơn mức ước tính 2,8% được đưa ra trước đó. Thay đổi này xuất phát từ sự điều chỉnh tăng đối với chi tiêu tiêu dùng, xuất khẩu, nhập khẩu và điều chỉnh giảm đối với hàng tồn kho của tư nhân.</p><p class=\"\" style=\"-webkit-font-smoothing: antialiased; text-rendering: geometricprecision; margin: 1em 0px; color: rgb(34, 34, 34); font-family: Roboto; font-size: 17px;\">Chi tiêu của người tiêu dùng được điều chỉnh với mức tăng trưởng 3,7% trong quý 3-2024, cao hơn ước tính trước đó là 3,5%. Trong khi đó, tổng thu nhập quốc nội (GDI) tăng trưởng ở mức 2,1% trong quý 3, thấp hơn mức ước tính ban đầu là 2,2%.</p><h2 class=\"\" style=\"-webkit-font-smoothing: antialiased; text-rendering: geometricprecision; margin: 0.5em 0px; line-height: 1.3; font-weight: 700; font-size: 25px; color: rgb(34, 34, 34); font-family: Roboto;\"><span style=\"-webkit-font-smoothing: antialiased; text-rendering: geometricprecision;\">Thái Lan thông báo kết quả cuộc họp giữa Myanmar với các nước láng giềng</span></h2><p class=\"\" style=\"-webkit-font-smoothing: antialiased; text-rendering: geometricprecision; margin: 1em 0px; color: rgb(34, 34, 34); font-family: Roboto; font-size: 17px;\">Theo phóng viên TTXVN tại Bangkok, ngày 19-12 Thái Lan đã tổ chức cuộc họp riêng rẽ thứ nhất về&nbsp;<a class=\"file-download-link\" href=\"https://tuoitre.vn/myanmar-phe-noi-day-kiem-soat-toan-bien-gioi-voi-bangladesh-bat-tuong-quan-doi-20241210123902162.htm\" ref=\"nofollow\" target=\"_blank\" title=\"Myanmar\" style=\"-webkit-font-smoothing: antialiased; text-rendering: geometricprecision; text-decoration: none; color: rgb(34, 106, 197); outline: 0px;\">Myanmar</a>&nbsp;với sự tham gia của 5 nước láng giềng của quốc gia Đông Nam Á này là Trung Quốc, Ấn Độ, Bangladesh, Lào và Thái Lan.</p><p class=\"\" style=\"-webkit-font-smoothing: antialiased; text-rendering: geometricprecision; margin: 1em 0px; color: rgb(34, 34, 34); font-family: Roboto; font-size: 17px;\">Phát biểu với báo giới chiều cùng ngày, Ngoại trưởng Thái Lan Maris Sangiampongsa cho biết tại cuộc họp này, nhà ngoại giao hàng đầu của chính quyền quân sự Myanmar Than Swe đã thông báo với các nước láng giềng về kế hoạch tổ chức bầu cử vào năm tới, bao gồm cả việc có khả năng mời các quan sát viên bầu cử nước ngoài.</p><p class=\"\" style=\"-webkit-font-smoothing: antialiased; text-rendering: geometricprecision; margin: 1em 0px; color: rgb(34, 34, 34); font-family: Roboto; font-size: 17px;\">Ngoại trưởng Thái Lan cho biết thêm rằng ông Than Swe đã vạch ra lộ trình chính trị và tiến độ chuẩn bị bầu cử, bao gồm điều tra dân số và đăng ký 53 đảng phái chính trị tại Myanmar, đồng thời đề cập ý định mời các quan sát viên từ các nước láng giềng.</p><p class=\"\" style=\"-webkit-font-smoothing: antialiased; text-rendering: geometricprecision; margin: 1em 0px; color: rgb(34, 34, 34); font-family: Roboto; font-size: 17px;\">Người phát ngôn Bộ Ngoại giao Thái Lan Nikorndej Balankuhora cho biết phản ứng của các nước láng giềng của Myanmar đối với kế hoạch bầu cử của chính quyền quân sự \"nhìn chung là tích cực\", đồng thời nhấn mạnh rằng tất cả các quốc gia đều muốn có giải pháp nhanh chóng cho cuộc khủng hoảng chính trị tại Myanmar.</p><div class=\"VCSortableInPreviewMode alignCenter\" data-back=\"#FFFBF2\" data-border=\"#F2D1AA\" data-text-color=\"#333333\" id=\"ObjectBoxContent_1734644871923\" type=\"content\" style=\"-webkit-font-smoothing: antialiased; text-rendering: geometricprecision; outline: 0px; flex-direction: column; margin: 0px auto 15px; position: relative; transition: 0.3s ease-in-out; width: 730px; visibility: visible; overflow-wrap: break-word; cursor: default; max-width: 100%; border: 1px solid rgb(242, 209, 170); padding: 10px; font-family: Roboto; font-size: 17px; background-color: rgb(255, 251, 242); color: rgb(51, 51, 51);\"><div placeholder=\"Nhập nội dung...\" style=\"-webkit-font-smoothing: antialiased; text-rendering: geometricprecision; outline: 0px;\"><h4 style=\"-webkit-font-smoothing: antialiased; text-rendering: geometricprecision; margin: 0.5em 0px; line-height: 1.3; font-weight: 700; font-size: 21px; text-align: center;\"><span style=\"-webkit-font-smoothing: antialiased; text-rendering: geometricprecision;\">Hò hẹn ở Cáp Nhĩ Tân</span></h4><figure class=\"VCSortableInPreviewMode\" type=\"PhotoInContentBox\" style=\"-webkit-font-smoothing: antialiased; text-rendering: geometricprecision; display: inline-block; flex-direction: column; margin-right: auto; margin-bottom: 15px; margin-left: auto; position: relative; transition: 0.3s ease-in-out; width: 708px; visibility: visible; overflow-wrap: break-word; cursor: default; max-width: 100%;\"><div style=\"-webkit-font-smoothing: antialiased; text-rendering: geometricprecision; outline: 0px;\"><img data-author=\"\" src=\"https://cdn.tuoitre.vn/thumb_w/730/471584752817336320/2024/12/20/goc-anh-20-12-2024-17346449158691932574946.jpg\" sizes=\"(max-width: 767px) 100vw, (max-width: 1023px) 800px, 1024px\" srcset=\"https://cdn.tuoitre.vn/thumb_w/480/471584752817336320/2024/12/20/goc-anh-20-12-2024-17346449158691932574946.jpg  480w,https://cdn.tuoitre.vn/thumb_w/800/471584752817336320/2024/12/20/goc-anh-20-12-2024-17346449158691932574946.jpg 800w,https://cdn.tuoitre.vn/thumb_w/1200/471584752817336320/2024/12/20/goc-anh-20-12-2024-17346449158691932574946.jpg 1200w\" id=\"img_794321135762227200\" w=\"900\" h=\"600\" alt=\"Tin tức thế giới 20-12: - Ảnh 1.\" title=\"\" rel=\"https://cdn.tuoitre.vn/471584752817336320/2024/12/20/goc-anh-20-12-2024-17346449158691932574946.jpg\" photoid=\"794321135762227200\" data-original=\"https://cdn.tuoitre.vn/471584752817336320/2024/12/20/goc-anh-20-12-2024-17346449158691932574946.jpg\" type=\"photo\" loading=\"lazy\" width=\"900\" height=\"600\" style=\"-webkit-font-smoothing: antialiased; text-rendering: geometricprecision; width: 708px; max-width: 100%; display: block; image-rendering: -webkit-optimize-contrast; color: transparent; height: auto; margin: 0px auto;\"></div><figcaption class=\"PhotoCMS_Caption\" style=\"-webkit-font-smoothing: antialiased; text-rendering: geometricprecision; max-width: 100%; background: transparent; border-bottom: none; text-align: center; padding: 8px 0px 0px;\"><p data-placeholder=\"\" class=\"\" style=\"-webkit-font-smoothing: antialiased; text-rendering: geometricprecision; margin-right: 0px; margin-bottom: 7px; margin-left: 0px; line-height: 22px; font-size: 16px !important;\">Du khách chụp ảnh cùng người tuyết khổng lồ tại TP Cáp Nhĩ Tân, tỉnh Hắc Long Giang, Trung Quốc, ngày 17-12-2024 - Ảnh: TTXVN</p></figcaption></figure></div></div>', 10, 0, 1, 0);
INSERT INTO `news` VALUES (18, 27, 'download.jpg', 'Ông Putin bất ngờ tuyên bố sẽ cho ông Zelensky tị nạn chính trị', NULL, 'Tổng thống Nga khẳng định không thể trách quyết định ân xá con trai của ông Biden, đồng thời tuyên bố sẽ cấp tị nạn chính trị cho ông Zelensky nếu ông ấy cần.', '<figure class=\"VCSortableInPreviewMode\" type=\"Photo\" style=\"-webkit-font-smoothing: antialiased; text-rendering: geometricprecision; display: inline-block; flex-direction: column; margin-right: auto; margin-bottom: 15px; margin-left: auto; position: relative; transition: 0.3s ease-in-out; width: 730px; visibility: visible; overflow-wrap: break-word; cursor: default; max-width: 100%; color: rgb(34, 34, 34); font-family: Roboto; font-size: 17px;\"><div style=\"-webkit-font-smoothing: antialiased; text-rendering: geometricprecision; outline: 0px;\"><a href=\"https://cdn.tuoitre.vn/471584752817336320/2024/12/19/2024-12-19t140950z146209764rc2dsba17opirtrmadp3russia-putin-1734617452094843929450.jpg\" data-fancybox=\"content\" data-caption=\"Tổng thống Putin trả lời họp báo ngày 19-12 - Ảnh: REUTERS\" rel=\"nofollow\" target=\"_blank\" style=\"-webkit-font-smoothing: antialiased; text-rendering: geometricprecision; text-decoration: none; color: rgb(34, 106, 197); outline: 0px !important;\"><img data-author=\"\" src=\"https://cdn.tuoitre.vn/thumb_w/730/471584752817336320/2024/12/19/2024-12-19t140950z146209764rc2dsba17opirtrmadp3russia-putin-1734617452094843929450.jpg\" sizes=\"(max-width: 767px) 100vw, (max-width: 1023px) 800px, 1024px\" srcset=\"https://cdn.tuoitre.vn/thumb_w/480/471584752817336320/2024/12/19/2024-12-19t140950z146209764rc2dsba17opirtrmadp3russia-putin-1734617452094843929450.jpg  480w,https://cdn.tuoitre.vn/thumb_w/800/471584752817336320/2024/12/19/2024-12-19t140950z146209764rc2dsba17opirtrmadp3russia-putin-1734617452094843929450.jpg 800w,https://cdn.tuoitre.vn/thumb_w/1200/471584752817336320/2024/12/19/2024-12-19t140950z146209764rc2dsba17opirtrmadp3russia-putin-1734617452094843929450.jpg 1200w\" id=\"img_794205949184557056\" w=\"2000\" h=\"1292\" alt=\"Ông Putin đồng cảm với ông Biden, sẽ cho ông Zelensky tị nạn chính trị - Ảnh 1.\" title=\"Ông Putin đồng cảm với ông Biden, sẽ cho ông Zelensky tị nạn chính trị - Ảnh 1.\" rel=\"lightbox\" photoid=\"794205949184557056\" data-original=\"https://cdn.tuoitre.vn/471584752817336320/2024/12/19/2024-12-19t140950z146209764rc2dsba17opirtrmadp3russia-putin-1734617452094843929450.jpg\" type=\"photo\" width=\"2000\" height=\"1292\" fetchpriority=\"high\" class=\"lightbox-content\" style=\"-webkit-font-smoothing: antialiased; text-rendering: geometricprecision; width: 730px; max-width: 100%; display: inline-block; image-rendering: -webkit-optimize-contrast; color: transparent; height: auto; margin: 0px auto; vertical-align: top;\"></a><div id=\"wrapper-inimage-pos-sponsor-0\" style=\"-webkit-font-smoothing: antialiased; text-rendering: geometricprecision; outline: 0px;\"><div id=\"in-images\" style=\"-webkit-font-smoothing: antialiased; text-rendering: geometricprecision; outline: 0px;\"><div id=\"zone-joqxux31\" style=\"-webkit-font-smoothing: antialiased; text-rendering: geometricprecision; outline: 0px;\"><div id=\"share-joqxuxkg\" style=\"-webkit-font-smoothing: antialiased; text-rendering: geometricprecision; outline: 0px;\"></div></div></div></div></div><figcaption class=\"PhotoCMS_Caption\" style=\"-webkit-font-smoothing: antialiased; text-rendering: geometricprecision; max-width: 100%; background-image: initial; background-position: initial; background-size: initial; background-repeat: initial; background-attachment: initial; background-origin: initial; background-clip: initial; border-bottom: 1px solid rgb(242, 242, 242); padding: 8px 0px;\"><p data-placeholder=\"Nhập chú thích ảnh\" style=\"-webkit-font-smoothing: antialiased; text-rendering: geometricprecision; margin-right: 0px; margin-left: 0px; line-height: 22px; color: rgb(143, 143, 143); margin-bottom: 0px !important; font-size: 16px !important;\">Tổng thống Putin trả lời họp báo ngày 19-12 - Ảnh: REUTERS</p></figcaption></figure><p style=\"-webkit-font-smoothing: antialiased; text-rendering: geometricprecision; margin: 1em 0px; color: rgb(34, 34, 34); font-family: Roboto; font-size: 17px;\">Theo TASS, khi được hỏi về việc Tổng thống Mỹ Joe Biden quyết định ân xá cho con trai Hunter,&nbsp;<a class=\"link-inline-content\" href=\"https://tuoitre.vn/ong-putin.html\" title=\"Ông Putin\" data-rel=\"follow\" style=\"-webkit-font-smoothing: antialiased; text-rendering: geometricprecision; text-decoration: none; color: rgb(34, 106, 197); outline: 0px;\">ông Putin</a>&nbsp;đã đưa ra câu trả lời có phần đồng cảm với người đồng cấp phía Mỹ.</p><p style=\"-webkit-font-smoothing: antialiased; text-rendering: geometricprecision; margin: 1em 0px; color: rgb(34, 34, 34); font-family: Roboto; font-size: 17px;\">Tổng thống Nga khẳng định: \"Nó cho thấy ông Biden là một con người (bình thường) nhiều hơn là một chính trị gia. Tôi không thể trách ông ấy về việc đó\".</p><p style=\"-webkit-font-smoothing: antialiased; text-rendering: geometricprecision; margin: 1em 0px; color: rgb(34, 34, 34); font-family: Roboto; font-size: 17px;\">Ông Hunter là con trai thứ và cũng là con trai duy nhất còn sống của ông Biden. Ông Hunter bị truy tố với cáo buộc gian lận thuế và vi phạm quy định về sở hữu súng.</p><p style=\"-webkit-font-smoothing: antialiased; text-rendering: geometricprecision; margin: 1em 0px; color: rgb(34, 34, 34); font-family: Roboto; font-size: 17px;\">Những rắc rối pháp lý của ông Hunter được những người ủng hộ ông Biden xem là đòn đáp trả việc ông Trump liên tục bị hệ thống tư pháp truy tố.<br style=\"-webkit-font-smoothing: antialiased; text-rendering: geometricprecision;\"></p><div class=\"VCSortableInPreviewMode alignRight\" type=\"RelatedNewsBox\" data-relatednewsboxtype=\"type-1\" data-style=\"align-right\" relatednewsboxtype=\"type-1\" style=\"-webkit-font-smoothing: antialiased; text-rendering: geometricprecision; outline: 0px; display: inline-block; flex-direction: column; margin: 0px auto 15px 15px; position: relative; transition: 0.3s ease-in-out; width: 328.5px; visibility: visible; overflow-wrap: break-word; cursor: default; max-width: 100%; float: right; color: rgb(34, 34, 34); font-family: Roboto; font-size: 17px;\"><div class=\"kbwscwl-relatedbox type-1 tuoitre\" style=\"-webkit-font-smoothing: antialiased; text-rendering: geometricprecision; outline: 0px; float: right; margin-bottom: 0px; width: 328.5px;\"><ul class=\"kbwscwlr-list\" style=\"-webkit-font-smoothing: antialiased; text-rendering: geometricprecision; list-style: none; padding: 0px; margin-right: 0px; margin-bottom: 0px; margin-left: 0px;\"><li class=\"kbwscwlrl\" data-date=\"19/12/2024 20:03\" data-id=\"20241219193908431\" data-avatar=\"https://cdn.tuoitre.vn/471584752817336320/2024/12/19/2024-12-19t121709z2019872489rc2csbapun2krtrmadp3russia-putin-1734610917729685241865-83-0-1333-2000-crop-17346117398061762089558.jpg\" data-url=\"/ong-putin-chi-mat-ukraine-vu-am-sat-trung-tuong-kirillov-20241219193908431.htm\" data-title=\"Ông Putin \'chỉ mặt\' Ukraine vụ ám sát trung tướng Kirillov\" style=\"-webkit-font-smoothing: antialiased; text-rendering: geometricprecision;\"><a target=\"_blank\" href=\"https://tuoitre.vn/ong-putin-chi-mat-ukraine-vu-am-sat-trung-tuong-kirillov-20241219193908431.htm\" class=\"kbwscwlrl-thumb link-callout\" style=\"-webkit-font-smoothing: antialiased; text-rendering: geometricprecision; text-decoration: none; color: rgb(34, 106, 197); outline: 0px; display: block;\"><img src=\"https://cdn.tuoitre.vn/thumb_w/730/471584752817336320/2024/12/19/2024-12-19t121709z2019872489rc2csbapun2krtrmadp3russia-putin-1734610917729685241865-83-0-1333-2000-crop-17346117398061762089558.jpg\" alt=\"Ông Putin đồng cảm với ông Biden, sẽ cho ông Zelensky tị nạn chính trị - Ảnh 2.\" title=\"\" loading=\"lazy\" width=\"100%\" height=\"auto\" style=\"-webkit-font-smoothing: antialiased; text-rendering: geometricprecision; width: 328.5px; max-width: 100%; display: block; image-rendering: -webkit-optimize-contrast; color: transparent; height: auto;\"></a><h4 class=\"kbwscwlrl-title clearfix\" style=\"-webkit-font-smoothing: antialiased; text-rendering: geometricprecision; margin-right: 0px; margin-bottom: 0px; margin-left: 0px; clear: both; line-height: 1.3; font-weight: 700; font-size: 21px; padding: 10px 7px 7px 10px; background: rgb(234, 234, 234);\"><a target=\"_blank\" href=\"https://tuoitre.vn/ong-putin-chi-mat-ukraine-vu-am-sat-trung-tuong-kirillov-20241219193908431.htm\" class=\"title link-callout\" style=\"-webkit-font-smoothing: antialiased; text-rendering: geometricprecision; text-decoration: none; color: rgb(51, 51, 51); outline: 0px; font-size: 16px; margin-bottom: 5px; display: block; line-height: 26px;\">Ông Putin \'chỉ mặt\' Ukraine vụ ám sát trung tướng Kirillov</a><a target=\"_blank\" href=\"https://tuoitre.vn/ong-putin-chi-mat-ukraine-vu-am-sat-trung-tuong-kirillov-20241219193908431.htm\" class=\"kbwscwlrl-next link-callout\" style=\"-webkit-font-smoothing: antialiased; text-rendering: geometricprecision; text-decoration: none; color: rgb(121, 118, 113); outline: 0px; display: flex; float: right; font-size: 15px; height: 36px; line-height: 36px; text-transform: uppercase; width: 130px; border: 1px solid rgb(227, 227, 227); box-shadow: rgb(221, 221, 221) 4px 4px 6px -2px; background-image: unset; background-position: unset; background-size: unset; background-repeat: unset; background-attachment: unset; background-origin: unset; background-clip: unset; background-color: rgb(255, 255, 255); border-radius: 25px; position: relative; min-width: 130px; align-items: center; justify-content: space-around;\"><span class=\"text\" style=\"-webkit-font-smoothing: antialiased; text-rendering: geometricprecision; font-size: 14px; color: rgb(50, 50, 50); margin-right: 20px;\">ĐỌC NGAY</span><div class=\"arrow-wrap\" style=\"-webkit-font-smoothing: antialiased; text-rendering: geometricprecision; outline: 0px;\"><i class=\"fi fi-arrow-right\" style=\"-webkit-font-smoothing: antialiased; text-rendering: geometricprecision;\"></i></div></a></h4></li></ul></div></div><p style=\"-webkit-font-smoothing: antialiased; text-rendering: geometricprecision; margin: 1em 0px; color: rgb(34, 34, 34); font-family: Roboto; font-size: 17px;\">Nhiều người cũng nhận định những vụ việc trên để lại tác động tâm lý lớn đối với gia đình ông Biden.</p><div id=\"InreadPc\" style=\"-webkit-font-smoothing: antialiased; text-rendering: geometricprecision; outline: 0px; color: rgb(34, 34, 34); font-family: Roboto; font-size: 17px;\"><div id=\"zone-jnvk0c1v\" style=\"-webkit-font-smoothing: antialiased; text-rendering: geometricprecision; outline: 0px;\"><div id=\"share-jnvk0cro\" style=\"-webkit-font-smoothing: antialiased; text-rendering: geometricprecision; outline: 0px;\"></div></div></div><p style=\"-webkit-font-smoothing: antialiased; text-rendering: geometricprecision; margin: 1em 0px; color: rgb(34, 34, 34); font-family: Roboto; font-size: 17px;\"><a class=\"link-inline-content\" href=\"https://tuoitre.vn/tong-thong-biden-an-xa-cho-con-trai-hunter-20241202081023756.htm\" title=\"Ông Hunter\" data-rel=\"follow\" style=\"-webkit-font-smoothing: antialiased; text-rendering: geometricprecision; text-decoration: none; color: rgb(34, 106, 197); outline: 0px;\">Ông Hunter</a>&nbsp;bị cáo buộc đã khai gian về việc sử dụng ma túy trong thời gian ông nghiện chất cấm.</p><p style=\"-webkit-font-smoothing: antialiased; text-rendering: geometricprecision; margin: 1em 0px; color: rgb(34, 34, 34); font-family: Roboto; font-size: 17px;\">Một trong những nguyên nhân trực tiếp dẫn đến tình trạng nghiện này là sự đau lòng sau cái chết của người anh trai Beau Biden vì ung thư não.</p><p style=\"-webkit-font-smoothing: antialiased; text-rendering: geometricprecision; margin: 1em 0px; color: rgb(34, 34, 34); font-family: Roboto; font-size: 17px;\">Quá trình xét xử vụ án này yêu cầu những người trong gia đình Biden phải làm chứng trước tòa về quãng thời gian khó khăn trên của cả nhà.</p><p style=\"-webkit-font-smoothing: antialiased; text-rendering: geometricprecision; margin: 1em 0px; color: rgb(34, 34, 34); font-family: Roboto; font-size: 17px;\">Ngày 1-12, tổng thống Mỹ đã ký lệnh ân xá cho con trai, bất chấp việc từng khẳng định sẽ không sử dụng quyền lực tổng thống để làm điều đó. Điều này đã dấy lên nhiều phản ứng trái ngược từ nhiều bên khác nhau trong chính quyền Mỹ.</p><p style=\"-webkit-font-smoothing: antialiased; text-rendering: geometricprecision; margin: 1em 0px; color: rgb(34, 34, 34); font-family: Roboto; font-size: 17px;\">Ngay sau chia sẻ về ông Biden, ông Putin chuyển sang trả lời câu hỏi liệu có cấp tình trạng tị nạn chính trị cho một đối thủ như Tổng thống Ukraine Volodymyr Zelensky không. Ông Putin đã nhanh chóng trả lời có.</p><p style=\"-webkit-font-smoothing: antialiased; text-rendering: geometricprecision; margin: 1em 0px; color: rgb(34, 34, 34); font-family: Roboto; font-size: 17px;\">Tổng thống Nga khẳng định: \"Nước Nga không từ chối bất kỳ ai. Tôi sẽ cho phép ông Zelensky tị nạn chính trị nếu một ngày nào đó ông ấy đột ngột xuất hiện trên lãnh thổ Nga.</p><p style=\"-webkit-font-smoothing: antialiased; text-rendering: geometricprecision; margin: 1em 0px; color: rgb(34, 34, 34); font-family: Roboto; font-size: 17px;\">Tuy nhiên nhiều khả năng ông ấy sẽ không cần quyền đó. Có lẽ ông ấy sẽ ra nước ngoài. Ông ấy sẽ được hỗ trợ bởi những bên mà ông ấy đang phục vụ\".</p><p style=\"-webkit-font-smoothing: antialiased; text-rendering: geometricprecision; margin: 1em 0px; color: rgb(34, 34, 34); font-family: Roboto; font-size: 17px;\">Chia sẻ của ông Putin được đánh giá phần nào liên quan đến quyết định giải cứu và cấp quyền tị nạn cho cựu tổng thống Syria&nbsp;<a class=\"link-inline-content\" href=\"https://tuoitre.vn/ong-putin-cho-tong-thong-syria-bi-lat-do-duoc-ti-nan-tai-nga-20241209191106039.htm\" title=\"Bashar al-Assad\" data-rel=\"follow\" style=\"-webkit-font-smoothing: antialiased; text-rendering: geometricprecision; text-decoration: none; color: rgb(34, 106, 197); outline: 0px;\">Bashar al-Assad</a>&nbsp;của chính quyền Matxcơva.</p>', 10, 0, 1, 0);
INSERT INTO `news` VALUES (19, 27, 'yokota-17346694390731387201276.png', 'Rò rỉ hóa chất có thể gây ung thư tại căn cứ quân sự Mỹ ở Tokyo', NULL, 'Nhật Bản tiến hành thanh tra căn cứ quân sự Mỹ tại Tokyo, sau khi nhận được thông báo về một vụ rò rỉ hóa chất có khả năng gây ưng thư cho người.', '<p style=\"-webkit-font-smoothing: antialiased; text-rendering: geometricprecision; margin: 1em 0px; color: rgb(34, 34, 34); font-family: Roboto; font-size: 17px;\">Cuộc thanh tra của Nhật Bản diễn ra tại Căn cứ không quân Yokota, ngày 20-12, sau khi phía Mỹ thông báo cách đây hai tháng rằng nước chứa PFOS - một chất được <a class=\"VCCTagItemInNews\" data-zoneid=\"0\" data-id=\"0\" href=\"https://tuoitre.vn/to-chuc-y-te-the-gioi.html\" target=\"_blank\" title=\"Tổ chức Y tế Thế giới\" style=\"-webkit-font-smoothing: antialiased; text-rendering: geometricprecision; text-decoration: none; color: rgb(34, 106, 197); outline: 0px;\">Tổ chức Y tế thế giới</a> (WHO) xếp loại là \"có khả năng gây ung thư cho con người\" - đã bị rò rỉ từ căn cứ này.</p><p style=\"-webkit-font-smoothing: antialiased; text-rendering: geometricprecision; margin: 1em 0px; color: rgb(34, 34, 34); font-family: Roboto; font-size: 17px;\">Theo các chuyên gia, PFOS thuộc nhóm hóa chất nhân tạo được gọi là PFAS, thường được biết đến với biệt danh \"hóa chất vĩnh cửu\" do chúng khó phân hủy trong môi trường.</p><p style=\"-webkit-font-smoothing: antialiased; text-rendering: geometricprecision; margin: 1em 0px; color: rgb(34, 34, 34); font-family: Roboto; font-size: 17px;\">Ông Fumitoshi Sato, phó chánh Văn phòng Nội các <a class=\"link-inline-content\" href=\"https://tuoitre.vn/nhat-ban.html\" title=\"Nhật Bản\" data-rel=\"follow\" style=\"-webkit-font-smoothing: antialiased; text-rendering: geometricprecision; text-decoration: none; color: rgb(34, 106, 197); outline: 0px;\">Nhật Bản</a>, thông tin tại họp báo ngày 20-12 rằng vào tháng 10, quân đội Mỹ đã thông báo với Tokyo rằng nước nhiễm PFOS đã rò rỉ từ một khu vực trong căn cứ nơi diễn ra diễn tập chữa cháy.</p><p style=\"-webkit-font-smoothing: antialiased; text-rendering: geometricprecision; margin: 1em 0px; color: rgb(34, 34, 34); font-family: Roboto; font-size: 17px;\">\"Cuộc thanh tra này được thực hiện nhằm đáp ứng những lo lắng và quan ngại của người dân địa phương, và chúng tôi sẽ tiếp tục hợp tác chặt chẽ với phía Mỹ\", ông Sato nói.</p><div class=\"VCSortableInPreviewMode  alignRight\" type=\"RelatedNewsBox\" data-style=\"align-right\" relatednewsboxtype=\"type-2\" style=\"-webkit-font-smoothing: antialiased; text-rendering: geometricprecision; outline: 0px; display: inline-block; flex-direction: column; margin: 0px auto 15px 15px; position: relative; transition: 0.3s ease-in-out; width: 328.5px; visibility: visible; overflow-wrap: break-word; cursor: default; max-width: 100%; float: right; color: rgb(34, 34, 34); font-family: Roboto; font-size: 17px;\"><div class=\"kbwscwl-relatedbox type-2 tuoitre\" style=\"-webkit-font-smoothing: antialiased; text-rendering: geometricprecision; outline: 0px; float: right; margin-bottom: 0px; border-top: 3px solid rgb(237, 28, 36); border-bottom: 3px solid rgb(237, 28, 36); width: 328.5px;\"><ul class=\"kbwscwlr-list\" style=\"-webkit-font-smoothing: antialiased; text-rendering: geometricprecision; list-style: none; padding: 0px; margin-right: 0px; margin-bottom: 0px; margin-left: 0px;\"><li class=\"kbwscwlrl\" data-date=\"09/01/2022 20:08\" data-id=\"2022010919551923\" data-avatar=\"https://cdn.tuoitre.vn/2022/1/9/can-cu-hansen-cua-my-tai-okinawa-1641732696082763661914-crop-1641732883962287117.jpeg\" data-url=\"/my-siet-phong-dich-tai-can-cu-quan-su-o-nhat-ban-2022010919551923.htm\" data-title=\"Mỹ siết phòng dịch tại căn cứ quân sự ở Nhật Bản\" style=\"-webkit-font-smoothing: antialiased; text-rendering: geometricprecision; list-style-position: initial; list-style-image: initial; color: rgb(237, 28, 36); margin-left: 15px; padding: 20px 0px; border-bottom: 1px solid rgb(226, 226, 226); list-style-type: disc !important;\"><h4 class=\"kbwscwlrl-title\" style=\"-webkit-font-smoothing: antialiased; text-rendering: geometricprecision; line-height: 1.3; font-weight: 700; font-size: 21px; margin-right: 0px !important; margin-bottom: 0px !important; margin-left: 0px !important; padding: 0px !important;\"><a target=\"_blank\" href=\"https://tuoitre.vn/my-siet-phong-dich-tai-can-cu-quan-su-o-nhat-ban-2022010919551923.htm\" class=\"title link-callout\" style=\"-webkit-font-smoothing: antialiased; text-rendering: geometricprecision; text-decoration: none; color: rgb(51, 51, 51); outline: 0px; font-size: 16px; margin-bottom: 5px; display: block; line-height: 19px;\">Mỹ siết phòng dịch tại căn cứ quân sự ở Nhật Bản</a></h4></li><li class=\"kbwscwlrl\" data-date=\"02/12/2019 18:40\" data-id=\"20191202164325356\" data-avatar=\"https://cdn.tuoitre.vn/2019/12/2/nhat-mage-island-kyodo-1575279531000729596967-crop-15752795449441093562288.jpg\" data-url=\"/nhat-mua-lai-dao-hoang-cho-my-huan-luyen-quan-su-20191202164325356.htm\" data-title=\"Nhật mua lại đảo hoang cho Mỹ huấn luyện quân sự\" style=\"-webkit-font-smoothing: antialiased; text-rendering: geometricprecision; list-style-position: initial; list-style-image: initial; color: rgb(237, 28, 36); margin-left: 15px; padding: 20px 0px; border-bottom: 1px solid rgb(226, 226, 226); list-style-type: disc !important;\"><h4 class=\"kbwscwlrl-title\" style=\"-webkit-font-smoothing: antialiased; text-rendering: geometricprecision; line-height: 1.3; font-weight: 700; font-size: 21px; margin-right: 0px !important; margin-bottom: 0px !important; margin-left: 0px !important; padding: 0px !important;\"><a target=\"_blank\" href=\"https://tuoitre.vn/nhat-mua-lai-dao-hoang-cho-my-huan-luyen-quan-su-20191202164325356.htm\" class=\"title link-callout\" style=\"-webkit-font-smoothing: antialiased; text-rendering: geometricprecision; text-decoration: none; color: rgb(51, 51, 51); outline: 0px; font-size: 16px; margin-bottom: 5px; display: block; line-height: 19px;\">Nhật mua lại đảo hoang cho Mỹ huấn luyện quân sự</a></h4></li></ul></div></div><p style=\"-webkit-font-smoothing: antialiased; text-rendering: geometricprecision; margin: 1em 0px; color: rgb(34, 34, 34); font-family: Roboto; font-size: 17px;\">Các quan chức, bao gồm đại diện từ Bộ Quốc phòng Nhật Bản và chính quyền thủ đô Tokyo, đã tới kiểm tra hiện trường vào sáng 20-12. Căn cứ Yokota hiện chưa đưa ra bình luận về sự việc.</p><p style=\"-webkit-font-smoothing: antialiased; text-rendering: geometricprecision; margin: 1em 0px; color: rgb(34, 34, 34); font-family: Roboto; font-size: 17px;\">Theo Hãng tin AFP, sự hiện diện quân sự của Mỹ tại Nhật Bản từ lâu đã gây ra sự bất bình trong cộng đồng địa phương, từ vấn đề tiếng ồn, ô nhiễm đến các vụ tai nạn liên quan đến trực thăng.</p><p style=\"-webkit-font-smoothing: antialiased; text-rendering: geometricprecision; margin: 1em 0px; color: rgb(34, 34, 34); font-family: Roboto; font-size: 17px;\">Điều này đặc biệt rõ nét tại Okinawa, hòn đảo phía nam chỉ chiếm 0,6% diện tích đất liền của Nhật Bản, nhưng lại là nơi tập trung phần lớn các <a class=\"link-inline-content\" href=\"https://tuoitre.vn/can-cu-quan-su-my.html\" title=\"căn cứ quân sự Mỹ\" data-rel=\"follow\" style=\"-webkit-font-smoothing: antialiased; text-rendering: geometricprecision; text-decoration: none; color: rgb(34, 106, 197); outline: 0px;\">căn cứ quân sự Mỹ</a>.</p><p style=\"-webkit-font-smoothing: antialiased; text-rendering: geometricprecision; margin: 1em 0px; color: rgb(34, 34, 34); font-family: Roboto; font-size: 17px;\">Okinawa nằm ở phía đông Đài Loan, khu vực nhạy cảm trong căng thẳng giữa Mỹ và Trung Quốc.</p><p style=\"-webkit-font-smoothing: antialiased; text-rendering: geometricprecision; margin: 1em 0px; color: rgb(34, 34, 34); font-family: Roboto; font-size: 17px;\">Đầu tháng này, Mỹ đã bắt đầu chuyển hàng ngàn lính thủy đánh bộ từ Okinawa, với \"đợt đầu tiên gồm khoảng 100 lính hỗ trợ hậu cần\" được điều động tới Guam - lãnh thổ phía tây Thái Bình Dương của Mỹ.</p>', 10, 1, 1, 0);

-- ----------------------------
-- Table structure for newstag
-- ----------------------------
DROP TABLE IF EXISTS `newstag`;
CREATE TABLE `newstag`  (
  `NewsID` int NOT NULL,
  `TagID` int NOT NULL,
  PRIMARY KEY (`NewsID`, `TagID`) USING BTREE,
  INDEX `TagID`(`TagID` ASC) USING BTREE,
  CONSTRAINT `newstag_ibfk_1` FOREIGN KEY (`NewsID`) REFERENCES `news` (`NewsID`) ON DELETE RESTRICT ON UPDATE RESTRICT,
  CONSTRAINT `newstag_ibfk_2` FOREIGN KEY (`TagID`) REFERENCES `tag` (`TagID`) ON DELETE RESTRICT ON UPDATE RESTRICT
) ENGINE = InnoDB CHARACTER SET = utf8mb4 COLLATE = utf8mb4_general_ci ROW_FORMAT = DYNAMIC;

-- ----------------------------
-- Records of newstag
-- ----------------------------
INSERT INTO `newstag` VALUES (10, 12);
INSERT INTO `newstag` VALUES (10, 13);
INSERT INTO `newstag` VALUES (16, 5);
INSERT INTO `newstag` VALUES (16, 8);
INSERT INTO `newstag` VALUES (16, 9);
INSERT INTO `newstag` VALUES (17, 5);
INSERT INTO `newstag` VALUES (17, 8);
INSERT INTO `newstag` VALUES (17, 13);
INSERT INTO `newstag` VALUES (18, 17);
INSERT INTO `newstag` VALUES (18, 18);
INSERT INTO `newstag` VALUES (18, 19);
INSERT INTO `newstag` VALUES (19, 17);
INSERT INTO `newstag` VALUES (19, 19);
INSERT INTO `newstag` VALUES (19, 20);

-- ----------------------------
-- Table structure for rejectreason
-- ----------------------------
DROP TABLE IF EXISTS `rejectreason`;
CREATE TABLE `rejectreason`  (
  `ID` int NOT NULL AUTO_INCREMENT,
  `EditorID` int NOT NULL,
  `Reason` text CHARACTER SET utf8mb4 COLLATE utf8mb4_general_ci NOT NULL,
  `NewsID` int NULL DEFAULT NULL,
  PRIMARY KEY (`ID`) USING BTREE,
  INDEX `EditorID`(`EditorID` ASC) USING BTREE,
  CONSTRAINT `rejectreason_ibfk_1` FOREIGN KEY (`EditorID`) REFERENCES `account` (`Id`) ON DELETE RESTRICT ON UPDATE RESTRICT
) ENGINE = InnoDB AUTO_INCREMENT = 1 CHARACTER SET = utf8mb4 COLLATE = utf8mb4_general_ci ROW_FORMAT = DYNAMIC;

-- ----------------------------
-- Records of rejectreason
-- ----------------------------

-- ----------------------------
-- Table structure for tag
-- ----------------------------
DROP TABLE IF EXISTS `tag`;
CREATE TABLE `tag`  (
  `TagID` int NOT NULL AUTO_INCREMENT,
  `TagName` varchar(255) CHARACTER SET utf8mb4 COLLATE utf8mb4_general_ci NOT NULL,
  PRIMARY KEY (`TagID`) USING BTREE,
  UNIQUE INDEX `TagName`(`TagName` ASC) USING BTREE
) ENGINE = InnoDB AUTO_INCREMENT = 21 CHARACTER SET = utf8mb4 COLLATE = utf8mb4_general_ci ROW_FORMAT = DYNAMIC;

-- ----------------------------
-- Records of tag
-- ----------------------------
INSERT INTO `tag` VALUES (13, 'Art');
INSERT INTO `tag` VALUES (5, 'Business');
INSERT INTO `tag` VALUES (16, 'Culture');
INSERT INTO `tag` VALUES (2, 'Education');
INSERT INTO `tag` VALUES (10, 'Entertainment');
INSERT INTO `tag` VALUES (17, 'Environment');
INSERT INTO `tag` VALUES (18, 'Fashion');
INSERT INTO `tag` VALUES (9, 'Finance');
INSERT INTO `tag` VALUES (7, 'Food');
INSERT INTO `tag` VALUES (20, 'Gaming');
INSERT INTO `tag` VALUES (3, 'Health');
INSERT INTO `tag` VALUES (14, 'History');
INSERT INTO `tag` VALUES (8, 'Lifestyle');
INSERT INTO `tag` VALUES (12, 'Music');
INSERT INTO `tag` VALUES (15, 'Politics');
INSERT INTO `tag` VALUES (19, 'Programming');
INSERT INTO `tag` VALUES (4, 'Science');
INSERT INTO `tag` VALUES (11, 'Sports');
INSERT INTO `tag` VALUES (1, 'Technology');
INSERT INTO `tag` VALUES (6, 'Travel');

-- ----------------------------
-- Event structure for DeleteExpiredOTP
-- ----------------------------
DROP EVENT IF EXISTS `DeleteExpiredOTP`;
delimiter ;;
CREATE EVENT `DeleteExpiredOTP`
ON SCHEDULE
EVERY '1' HOUR STARTS '2024-12-20 16:43:10'
DO UPDATE account
SET OTP = NULL, OTP_CreatedAt = NULL
WHERE OTP_CreatedAt < NOW() - INTERVAL 3 HOUR
;;
delimiter ;

SET FOREIGN_KEY_CHECKS = 1;
